track_id,danceability,energy,key,loudness,mode,speechiness,instrumentalness,liveness,valence,tempo,popularity,year,label
6s8JOwADhfEbqGqyKshMJE,0.386,0.5,2,-7.23,1,0.0371,0,0.0878,0.336,159.807,42,2013,sad
4N4VmSZhReQniqoakHBEvF,0.49,0.422,8,-7.775,1,0.0288,0,0.224,0.348,129.772,39,2012,sad
7ETxkXmmEjVnloAXYzNUoH,0.818,0.634,8,-5.137,1,0.126,0,0.11,0.794,84.981,47,2013,sad
5AwQir16Hh3nHBLyGuhTjU,0.601,0.599,7,-5.549,1,0.0373,0,0.153,0.577,67.998,49,2018,sad
6807mPDUKTRWDWiXaXBhke,0.699,0.594,0,-6.726,1,0.0418,0,0.0985,0.338,133.989,43,2007,sad
3Zkc66ctXTrpk52tRcIoef,0.657,0.565,7,-7.696,1,0.0689,0.000299,0.0916,0.462,146.054,37,2013,sad
2osoiXSQrConE7kKdIlxin,0.444,0.649,9,-4.286,1,0.0273,4.25E-06,0.36,0.31,146.092,45,2012,sad
24VfUtHxbkCrscWC00toom,0.501,0.648,0,-5.771,1,0.0272,2.10E-06,0.0913,0.504,180.043,51,2015,sad
3zc9UfgETcTMGiazW58Klg,0.473,0.848,4,-4.061,1,0.0296,0,0.0991,0.396,160.012,51,2014,sad
7N1mCWyLnYXfi3AXagJCNo,0.557,0.295,5,-12.706,1,0.0355,0.00201,0.111,0.133,76.061,51,2012,sad
0MWgKVQtJxrsrYOkUO9Ab3,0.498,0.587,1,-5.278,1,0.0303,0,0.0649,0.46,145.81,42,2018,sad
7dfs4SVfLPVORzjmYYqorK,0.313,0.413,0,-8.255,1,0.0314,0,0.343,0.452,207.865,38,2018,sad
2ZMexmN35zlx0fjb4nBwOW,0.331,0.668,4,-5.74,1,0.0305,0,0.139,0.374,155.269,43,2013,sad
1psb8glAxDb4DYAwnOWzm3,0.634,0.48,9,-9.913,1,0.0472,4.76E-05,0.111,0.275,128.046,50,2018,sad
5bipGzsqZoCEEN9It0OOXU,0.629,0.367,6,-10.521,1,0.0277,0.0403,0.104,0.291,94.031,38,2014,sad
7K41SevJ4ihWtiOiF1eAak,0.579,0.563,9,-5.29,1,0.0259,8.99E-06,0.304,0.359,135.955,51,2016,sad
5fDc3i3gwjyNCBbln2ZoVn,0.768,0.457,8,-5.991,1,0.0307,2.46E-06,0.137,0.318,123.943,45,2019,sad
4ywXyMFZ8cktvKIvJbiksy,0.753,0.649,5,-5.494,1,0.0742,0,0.0778,0.55,98.952,39,2016,sad
6xxBWqtAELhcSt0kY2qo5Z,0.548,0.749,1,-4.62,1,0.0256,0,0.273,0.63,131.976,42,2017,sad
3BXeqTOcLorpYoTkH1JTvv,0.64,0.365,2,-15.836,1,0.0293,4.99E-05,0.105,0.262,99.9,46,2004,sad
7IcfEY0IyV4fdALbwJCw3v,0.536,0.421,11,-11.907,0,0.0344,0.000112,0.102,0.534,138.013,51,2019,sad
1lD1Pjy7rNDOny7nFqmUHJ,0.372,0.83,2,-5.789,1,0.0336,0.401,0.117,0.535,175.997,53,2019,sad
1DwuRmCQZ3YHfUrZZUJHcu,0.655,0.291,7,-8.014,1,0.0464,0,0.134,0.445,138.859,0,2014,sad
3btmLX5lNdnl9cEy26VOyA,0.573,0.558,8,-8.763,1,0.0368,0,0.232,0.447,79.101,6,2014,sad
72KOmS4Af9IEFsT87TK1VQ,0.698,0.526,6,-6.289,0,0.103,9.50E-05,0.105,0.608,80.031,46,2017,sad
3a8EPz3KGBG7k74kMr8gaH,0.614,0.502,4,-7.833,1,0.0276,0.00818,0.177,0.153,78.013,45,2015,sad
1A9I1bdZX61vE5cTaNOz2x,0.541,0.774,10,-5.725,1,0.249,0,0.086,0.69,179.966,46,2019,sad
4hy03eg0PksOEJraNfqb1O,0.476,0.338,5,-13.892,1,0.0371,5.00E-05,0.0931,0.23,167.958,7,2018,sad
48KvCld4ELxwiLpuMtO7kU,0.587,0.539,2,-6.226,1,0.0294,0,0.0747,0.437,135.607,30,2015,sad
10Gnx5oVlXKyrJ0ad999nE,0.611,0.571,11,-6.122,1,0.0285,0.000489,0.137,0.149,129.901,34,2013,sad
3EjvOTl6eqaVyMRLrzyDEb,0.637,0.575,0,-6.908,1,0.0269,1.97E-05,0.126,0.315,128.026,32,2014,sad
3bxGTdVHjBjlSOjRDH9a4f,0.519,0.475,10,-8.031,1,0.104,0,0.0998,0.365,129.957,48,2019,sad
0V7E3AgvXnVPrgFfuMgI0F,0.519,0.546,9,-6.717,1,0.0302,0,0.137,0.621,144.077,39,2011,sad
1B8QVmSt6pMWpHpKY8H6wI,0.434,0.699,2,-6.331,1,0.0364,0,0.255,0.454,167.892,24,2016,sad
4WxNfBGTaGoN5hOqXI9TFJ,0.361,0.474,0,-8.155,1,0.0356,0.000404,0.0663,0.249,170.018,46,2014,sad
5eVmR3LXaUuJ4dgXfwcvsx,0.4,0.512,7,-8.482,1,0.0342,0.0025,0.0965,0.316,176.049,46,2014,sad
6E2jspoVd4xfeDFgkeAdUA,0.713,0.29,9,-12.287,1,0.0313,0.045,0.111,0.237,135.97,26,2016,sad
7gB4clKOzuKy0jGfM7pf32,0.568,0.581,7,-7.782,0,0.0828,4.35E-06,0.0797,0.918,103.51,18,2015,sad
1kX8eeTe8JSQPj1dQ9MTFa,0.706,0.592,4,-8.224,1,0.0437,0,0.187,0.528,129.942,49,2019,sad
1N1lJFDcsYm6gd6OYqomgF,0.606,0.421,1,-5.623,1,0.0244,0,0.107,0.399,136.079,39,2013,sad
3xFlPMvop19xcGxnuItFNo,0.444,0.455,7,-7.396,1,0.0322,0,0.168,0.376,141.645,43,2014,sad
4wPSw3EzJ78opbAhkjurp0,0.595,0.476,7,-7.863,1,0.0246,0.0157,0.305,0.357,97.621,45,2017,sad
2TOZkgJPaJ63vGWEMDct3t,0.603,0.544,0,-6.824,1,0.0266,4.87E-05,0.141,0.396,131.941,39,2017,sad
13y3BLdlSdVH7wJwavs06O,0.404,0.834,1,-5.642,1,0.0349,0,0.146,0.413,183.967,53,2019,sad
4YRpjJaJpiI36HM36Dn5lS,0.557,0.585,5,-7.559,0,0.047,1.03E-06,0.144,0.464,81.922,48,2018,sad
2ManFZ0eruRUu7Rz7OtpkO,0.322,0.785,8,-4.596,1,0.0505,0,0.192,0.492,176.354,37,2015,sad
4WCwwpaDjczdOcTNY92F3m,0.607,0.652,2,-6.577,1,0.0451,0,0.0778,0.777,88.956,42,2017,sad
70suWsm124heEKFgFF00lx,0.479,0.48,2,-7.648,1,0.057,0,0.11,0.346,144.111,35,2014,sad
6CMP75Ly0H2EDEkyPkDqAT,0.221,0.394,6,-9.469,1,0.0329,0,0.194,0.193,179.199,31,2011,sad
4PXdOchDL7aUZghQobIlhX,0.705,0.746,1,-5.03,1,0.0416,2.01E-05,0.194,0.539,99.993,50,2016,sad
0fSl800MbFmlLs1aUxx7Z2,0.404,0.518,5,-7.159,1,0.0309,0,0.116,0.15,177.956,46,2017,sad
1OlInnJssr9pXY0Ooa0SDT,0.685,0.41,7,-9.358,1,0.0316,0,0.119,0.533,135.005,47,2017,sad
6Slc1wXZDs8zDA6Ip9mPFE,0.647,0.474,9,-7.654,1,0.0343,0,0.0919,0.283,131.994,48,2015,sad
5EoKE2y69aYDuaHAAFr082,0.483,0.496,1,-6.935,1,0.0465,0,0.142,0.368,68.793,31,2018,sad
7rfssT0v54yuPWh4bVgZVW,0.57,0.553,8,-8.057,1,0.036,0.000154,0.137,0.368,121.958,39,2018,sad
0nedd58OQDiAUQHEJBrvcx,0.446,0.416,10,-8.256,1,0.0297,0,0.101,0.0661,91.621,38,2018,sad
1bYAEQHCB6LswHOwPnaFv3,0.268,0.59,7,-5.349,1,0.0362,1.18E-05,0.0791,0.1,106.578,35,2016,sad
4URCEQmgwuwaHiySIqGmIa,0.593,0.627,4,-7.553,1,0.024,0.00471,0.109,0.701,85.983,46,2017,sad
2xJkzCAIb4a5L6KTPwMi3T,0.569,0.469,9,-5.915,1,0.0291,0,0.177,0.194,144.129,38,2012,sad
4IKn1t0eZZzF5mji1vraVI,0.664,0.807,0,-5.542,1,0.0375,0.000325,0.109,0.593,88.991,51,2016,sad
0vUIzJuMzRAiPUn9xTyAzi,0.573,0.941,6,-3.827,1,0.0641,1.11E-06,0.0941,0.542,125.982,39,2015,sad
7JhYmekBJcLg4RtTItTf2g,0.541,0.614,7,-6.095,1,0.0331,1.08E-05,0.524,0.357,75.114,44,2019,sad
3kQuu5smL73wiy4e7RZVNv,0.549,0.782,1,-5.009,1,0.0699,0.000152,0.345,0.446,159.982,42,2017,sad
0OBPjif46Jbz7c4xIqiBEw,0.573,0.8,5,-4.954,1,0.0443,0,0.185,0.617,138.041,47,2019,sad
60hF3gZXQ33xdAXXk6tE1x,0.537,0.491,9,-9.06,1,0.0349,0.014,0.146,0.508,140.015,49,2017,sad
2USX969yFQ250hBULh6Ope,0.629,0.763,2,-5.47,1,0.0744,0,0.176,0.809,146.012,46,2018,sad
427BJ3YUf4vKsPSK0uH23e,0.514,0.197,7,-11.531,1,0.0281,3.99E-05,0.0865,0.366,75.025,44,2015,sad
5kLMUdQLeROTIjQcg34svY,0.609,0.319,9,-9.995,1,0.0271,0,0.116,0.286,137.008,39,2014,sad
3JvbGjNcSnAhNemVyvXqci,0.583,0.445,0,-7.141,1,0.0282,0,0.109,0.315,74.94,48,2019,sad
4jiVuwRzWDy1VT0st8OjAE,0.613,0.518,0,-7.667,1,0.0341,0,0.239,0.321,136.155,38,2019,sad
5sWBlYIZuWuXohJghOfm7o,0.486,0.579,7,-6.915,1,0.0303,0,0.097,0.219,164.186,45,2016,sad
4prGMvYxnXPsG7xueL4Gc8,0.45,0.559,1,-6.425,1,0.0336,0,0.1,0.473,173.118,48,2019,sad
7EZnNHXfzf2C9fWU9pPDfN,0.678,0.328,5,-10.283,1,0.0315,0.000232,0.0987,0.543,143.94,36,2016,sad
3atqH4AQ6LeRRgI1BboFa4,0.425,0.573,7,-5.524,1,0.032,0,0.0606,0.396,173.747,42,2014,sad
6SrJGBmuQGR8SKpPqHfXz4,0.683,0.41,6,-9.448,0,0.0261,7.70E-06,0.111,0.0772,100.025,41,2018,sad
2YIgU8Tq4tovJ3T2Qw6Ewh,0.337,0.696,7,-5.094,1,0.0366,0,0.12,0.184,160.076,45,2018,sad
77Hitf7yx8dJZMqRe9JKy7,0.672,0.557,11,-7.973,1,0.0376,0,0.2,0.55,129.97,39,2010,sad
4cuqxTgaj2Bzrlti3s6MDZ,0.593,0.541,10,-6.715,1,0.0416,0,0.106,0.367,125.912,43,2019,sad
1SCRT8WbB4TdiXwvtzMnpL,0.62,0.351,7,-10.342,1,0.0366,0.00454,0.125,0.284,155.859,37,2018,sad
2cqjhnMI6m22cqcD1GUSTZ,0.582,0.554,11,-8.472,1,0.13,0,0.155,0.253,137.874,5,2019,sad
18kwPdB3Bx8n9Mk4YsO6LT,0.662,0.438,7,-6.117,1,0.0342,0,0.131,0.514,79.924,0,2018,sad
5Uc2Vo5PRVmDamMSO6owf9,0.582,0.551,9,-5.641,1,0.0266,3.21E-06,0.114,0.253,96.004,42,2016,sad
7woHRtLfsbuAPsSVmid1h0,0.569,0.531,7,-7.014,1,0.0311,0,0.133,0.223,132.049,26,2013,sad
2jvtsWdI64fls66D8b3zhj,0.556,0.31,10,-9.963,1,0.0301,3.34E-06,0.119,0.29,106.74,12,2014,sad
2AOoAkc5kcY79naWoQI9el,0.573,0.784,0,-4.039,1,0.0364,0,0.0889,0.504,84.994,36,2013,sad
1Rl5nfD9OZ5OwY9zWdN2Po,0.499,0.832,10,-5.281,1,0.0513,2.58E-06,0.2,0.187,171.954,47,2012,sad
67Ye3vTUdCr4YlRIz4babv,0.577,0.701,5,-4.592,1,0.0308,0,0.121,0.495,138.017,30,2011,sad
0uNBIkXU2oAp0Wp7mR5Zzw,0.708,0.702,1,-7.072,0,0.0914,0,0.34,0.444,92.005,2,2019,sad
1zZm6p4jNxWiodU1oy9hNB,0.612,0.666,7,-5.944,1,0.033,0,0.341,0.476,138.175,31,2014,sad
0bS1Mh7PJPyqn8ry7ix5wr,0.673,0.632,8,-6.083,1,0.0264,0,0.0906,0.65,140.068,34,2014,sad
4afuOwuWWRoS8HEw1cyVUZ,0.424,0.651,0,-5.306,1,0.0967,0,0.0715,0.636,84.01,43,2018,sad
3DCFDKdhHONpfhJDyDTG6a,0.645,0.308,11,-10.759,0,0.0388,1.67E-06,0.191,0.3,78.013,42,2013,sad
5AWeovpD1pHAQHM1vG7UWu,0.28,0.68,2,-6.097,1,0.0442,0,0.369,0.221,174.077,33,2014,sad
6OJ10ZEgo5ZyBHZE72eD7x,0.698,0.487,1,-6.092,1,0.0306,0,0.104,0.4,88.991,6,2018,sad
31zkfF9LTPEbnwdaz6MERy,0.521,0.501,9,-8.259,1,0.0345,0,0.127,0.311,149.978,44,2019,sad
1XidfYRAtd85RlPu98ReY8,0.688,0.657,6,-6.316,1,0.0264,1.08E-05,0.113,0.707,123.978,41,2013,sad
5yRvsVxjmP7RORUXxiyH77,0.376,0.417,7,-8.494,1,0.0609,0,0.358,0.491,175.406,44,2017,sad
1H0gOyCNo1NKWFmM8VMIeN,0.637,0.466,0,-7.885,1,0.0354,2.13E-05,0.119,0.21,136.042,0,2017,sad
4XqtyE2i3U1z2rMVcgnYX6,0.692,0.815,7,-6.025,1,0.0663,0,0.333,0.843,152.057,43,2019,sad
3ROrOM62UNsrYiegBzlIuD,0.697,0.458,4,-9.529,0,0.0256,0,0.21,0.383,79.022,18,2019,sad
1LOAgM7DIxdprmoaoo990N,0.697,0.356,9,-9.217,1,0.15,1.18E-05,0.127,0.601,66.995,53,2016,chillout
0h48eAfbK0dlgnTf3x1lmK,0.609,0.302,6,-8.7,1,0.0322,0,0.105,0.426,131.636,51,2021,chillout
6MVbuOWvXHbPHtVwScK6M1,0.513,0.469,7,-8.166,1,0.0411,0,0.122,0.433,177.886,35,2020,chillout
1R9yHz1Wl8k2ZkABypxzv5,0.68,0.671,10,-9.462,1,0.0251,0.00019,0.102,0.789,94.038,38,2013,chillout
4RH90C098o1YD0CLRRmWNB,0.486,0.526,4,-8.348,1,0.17,5.73E-05,0.139,0.547,199.837,49,2016,chillout
7tFrJ1JPTVmQKVU5XlGQdb,0.784,0.268,2,-14.39,1,0.0311,0.000555,0.111,0.569,91.998,52,2017,chillout
3usWyH1du9AWTTxUIMOh79,0.532,0.667,6,-7.037,1,0.0323,1.44E-05,0.193,0.837,200.179,9,2008,chillout
71rZCPjOAU8WBlXYPHNgRu,0.736,0.585,9,-7.578,1,0.03,0,0.108,0.731,95.013,45,2014,chillout
6z56u8jPSSroDFrJVD5cMf,0.556,0.749,4,-6.008,1,0.245,0,0.209,0.787,169.555,53,2016,chillout
3y7wWYnla4CN0dhqUkvLER,0.67,0.51,7,-9.329,1,0.0277,2.70E-05,0.079,0.635,90.132,47,2014,chillout
63VOJDNJ3a5dve74kzWVcF,0.638,0.193,9,-12.366,1,0.0357,0,0.316,0.55,140.118,53,2020,chillout
7tnBxEhg1IBQxDieuDZK7z,0.504,0.261,0,-9.173,1,0.0417,0,0.109,0.658,113.065,10,2020,chillout
7yls0YWUMiGDwyvGxTAl9v,0.725,0.204,8,-12.949,1,0.0358,1.22E-05,0.112,0.308,117.85,45,2016,chillout
2oOp45xH2ZxYAj8DDWd3LR,0.779,0.477,5,-7.648,1,0.0569,0,0.145,0.33,88.111,37,2013,chillout
6jxO5eRdBJa153LVGbXogp,0.732,0.522,2,-8.976,1,0.0297,0,0.0852,0.61,100.018,44,2011,chillout
2QdnOdFCgShcyRryCcTsWe,0.708,0.344,10,-7.429,1,0.0276,0,0.113,0.557,109.012,38,2011,chillout
01napNl8RUGM6nCmdjNMMK,0.702,0.445,4,-10.226,0,0.0302,0.000902,0.106,0.477,126.062,36,2013,chillout
72hhTWu9CZwZan3iC3U3DS,0.839,0.431,11,-8.471,1,0.0475,0.000306,0.0709,0.794,103.015,46,2016,chillout
0UehujaeAmM9ZL1gma6yzr,0.572,0.334,7,-6.812,1,0.0732,2.38E-05,0.118,0.366,204.293,39,2008,chillout
04X75Vj2R7xYJ7YwYFDmQH,0.753,0.606,0,-7.51,1,0.0382,0,0.155,0.25,117.936,41,2011,chillout
15zvOBuL1QbkL7bvudg2p5,0.48,0.166,9,-18.08,1,0.0352,0.122,0.128,0.202,98.573,51,2019,chillout
51GuxG7BsdZ0MRR3CgbhFp,0.495,0.0573,4,-18.463,1,0.0742,1.46E-05,0.0947,0.293,180.37,51,2019,chillout
2wRHhcO3maj6N7IVkqYRku,0.481,0.203,8,-11.049,1,0.0318,0.00339,0.281,0.26,123.21,41,2016,chillout
5X2L1tJl8F1rVgQRX3GKf2,0.701,0.633,9,-9.247,1,0.028,6.00E-05,0.285,0.649,101.972,42,2008,chillout
3o5FB7uyNadcadhKe3GP32,0.673,0.703,7,-7.878,1,0.033,0,0.194,0.632,92.021,8,2009,chillout
1spvoOdn3qeRGPvrfFSvC8,0.8,0.41,7,-7.913,1,0.0657,0,0.315,0.666,111.838,39,2012,chillout
0IkjbLNMaAxf3tpSLjxu6p,0.565,0.607,3,-10.643,1,0.0361,0,0.105,0.784,204.05,39,2020,chillout
6F9yDb4e33URT8BaO3Gw6s,0.761,0.282,0,-13.825,1,0.0845,3.65E-05,0.136,0.398,95.965,43,2019,chillout
4UTLVvuFzeS752EdjHd3yz,0.734,0.37,8,-8.557,1,0.0425,0.000358,0.105,0.533,92.237,41,2019,chillout
4jVbjYyQW3gLi7wCS3timQ,0.602,0.165,2,-13.665,1,0.0583,0.000232,0.103,0.384,151.91,35,2020,chillout
2wFTZ07LlFE93Z7AfzysIo,0.7,0.396,4,-10.278,1,0.0277,2.17E-05,0.102,0.582,113.948,38,2012,chillout
7JmW2So2OpGtqQ2KInZyDi,0.783,0.353,6,-9.891,1,0.0296,0.00123,0.111,0.672,97.981,32,2020,chillout
6LQf6ErCI7vw7KGKRP11zP,0.645,0.624,11,-6.523,1,0.039,0,0.13,0.78,200.143,49,2019,chillout
3IHKC61m1RhwR4Y7slV1SP,0.776,0.388,7,-8.343,1,0.0299,0,0.337,0.751,92.981,44,2018,chillout
786E3hn5f40oQr0vXXBAEv,0.739,0.303,3,-7.591,1,0.0453,0,0.11,0.682,88.005,35,2020,chillout
4YTV4RiswSxLmMZraNpcVZ,0.7,0.263,0,-14.102,1,0.0298,0.00719,0.103,0.301,98.019,35,2007,chillout
6tm1yZpgRjf7QttTUbSWwU,0.561,0.315,3,-6.554,1,0.0391,0,0.113,0.361,174.016,41,2018,chillout
5INsfl9b4NWqnMV78hrEJ6,0.711,0.583,7,-6.24,1,0.0663,0,0.329,0.578,130.002,41,2017,chillout
3pLVogUFG73ZeurrR5VaSQ,0.477,0.337,3,-10.208,0,0.0465,0,0.128,0.395,141.337,37,2020,chillout
4qiXjlrbBKtfHU034yerla,0.449,0.166,6,-16.216,0,0.0327,0.0613,0.342,0.188,108.619,46,2019,chillout
2bmAdR4TFd1b2T6K63keH8,0.796,0.555,4,-8.481,1,0.0489,0,0.149,0.882,105.07,35,2020,chillout
0n2V4J157Ag61Rr1bWkiTG,0.396,0.13,4,-16.825,1,0.033,0.00147,0.103,0.318,152.561,43,2019,chillout
1OlInnJssr9pXY0Ooa0SDT,0.685,0.41,7,-9.358,1,0.0316,0,0.119,0.533,135.005,47,2017,chillout
4SxDgCqkrZzU0uhteCNpUy,0.776,0.617,7,-8.534,1,0.0308,3.52E-05,0.0964,0.839,120.065,42,2011,chillout
20jt4uUdAiHqdBVXceQP8M,0.727,0.457,2,-11.067,0,0.0712,0,0.191,0.283,119.747,51,2021,chillout
02fQLERHX9nqlnIfJOciua,0.728,0.55,2,-8.254,1,0.0923,0,0.102,0.71,84.968,0,2019,chillout
0wjk3saGOQN1DS8LIrqjPi,0.887,0.578,0,-8.722,1,0.0309,0.0111,0.117,0.935,129.953,38,2008,chillout
7Ax43OS0HUPRYjrXWYPqHe,0.702,0.426,7,-10.209,1,0.0537,9.51E-05,0.285,0.405,77.984,38,2020,chillout
1Fsnq1EqX9Bf6l9fJazS3x,0.473,0.127,3,-18.782,1,0.0357,0.0138,0.108,0.315,116.58,47,2019,chillout
0r7l0cA27fy29MmGU8k1bO,0.58,0.341,2,-7.623,1,0.0268,1.23E-06,0.163,0.13,114.034,48,2017,chillout
3JZQmfiIzj1G8jLi6GnL2Y,0.695,0.313,7,-10.007,1,0.0281,0.0147,0.122,0.379,107.107,44,2008,chillout
7plcAVwsc7EUGJvoRzfpdl,0.54,0.326,6,-10.842,1,0.0365,0,0.199,0.471,163.994,29,2021,chillout
5pcd4Fx4C1xLPRmRczSPoc,0.458,0.823,11,-5.161,1,0.0725,5.47E-05,0.206,0.695,183.922,34,2013,chillout
5wnvPLqq3sTR3GmVmUqEwu,0.619,0.513,5,-9.419,1,0.0341,6.09E-05,0.101,0.364,148.002,35,2018,chillout
5SHmOMXMKzHnqY28BzuleV,0.603,0.539,11,-6.941,0,0.0949,0,0.215,0.748,175.988,39,2013,chillout
48GtZOiz6HmmxCwTQYxUuR,0.523,0.627,7,-6.696,1,0.0317,1.61E-05,0.13,0.433,176.073,35,2013,chillout
7qCr3Rho3baomkIaFe9IPg,0.871,0.241,5,-9.091,1,0.0504,0,0.108,0.639,95.006,34,2021,chillout
5i9on3V3H0bqfys76Nrve0,0.88,0.437,9,-11.856,1,0.0396,6.70E-06,0.0877,0.714,105.007,36,2017,chillout
2nAUhnLMltzWOHCnjAUsGd,0.678,0.556,8,-6.718,1,0.0312,0.000227,0.117,0.373,92.017,43,2014,chillout
4V3TlRa14UPvMbjPRAOvXD,0.634,0.449,7,-7.828,1,0.0363,0,0.3,0.699,97.466,33,2019,chillout
2ahCSaKTmwG0Uq1IOpjgq9,0.735,0.178,1,-12.076,1,0.0349,0,0.362,0.556,84.839,38,2020,chillout
3Vm27KP0DlEpuH1pUhTkNC,0.68,0.271,9,-11.292,1,0.03,1.98E-06,0.0907,0.381,109.068,36,2020,chillout
4usKH3xOYdyGD1QmFaZNYK,0.795,0.512,9,-8.999,1,0.028,1.13E-06,0.216,0.835,100.05,36,2018,chillout
14XflgBXFaxeigAvhzGkIW,0.725,0.242,2,-13.404,1,0.0307,0,0.0922,0.381,106.913,39,2021,chillout
6IaPZShzsKS2rV4rlu2SFD,0.513,0.159,8,-12.421,1,0.0422,2.16E-05,0.111,0.214,142.15,48,2020,chillout
1pjVBWRTyPG3WXlxTNYT3U,0.711,0.478,4,-8.943,0,0.048,0,0.0892,0.424,78.015,0,2016,chillout
51vwq5EIkM6jPRtqXkHNtN,0.708,0.676,4,-8.167,1,0.0297,3.99E-05,0.109,0.653,95.008,34,2011,chillout
3wt0Z3Xxx6IRsQe8ukBWBY,0.645,0.284,7,-11.864,1,0.0285,0,0.0598,0.511,91.925,39,2019,chillout
5e2kHe2E8fK4Myaw67MEh9,0.699,0.538,1,-8.278,1,0.0577,8.28E-05,0.102,0.774,91.466,33,2009,chillout
6j6GGtpe4culx75LAGvpgu,0.507,0.589,3,-7.926,1,0.0345,0.000266,0.115,0.289,182.097,32,2021,chillout
6Rpj87GuuE59nij1NVmpzD,0.533,0.644,1,-5.79,0,0.0776,0,0.117,0.755,199.96,38,2013,chillout
0F7jE0agpramWwK5GtRCBh,0.472,0.226,8,-10.689,1,0.034,0,0.103,0.612,159.769,33,2020,chillout
5FoZE9F3HnqnHBR7Y6iPEF,0.748,0.494,9,-9.688,1,0.0355,0,0.115,0.446,92.03,30,2019,chillout
5PMJyQr4nI8L78r6TXumeU,0.766,0.698,6,-7.664,1,0.0339,0.00243,0.224,0.725,113.086,47,2019,chillout
0wjdbi2kW1Tf3T8KibW4FH,0.409,0.36,4,-8.153,1,0.0394,0,0.137,0.395,170.912,31,2018,chillout
6URdEXEqcC1wAbjLEK45Xy,0.722,0.235,9,-14.14,1,0.0376,0.155,0.0905,0.287,92.995,28,2021,chillout
528HMckPZGN4y3ciypJNok,0.867,0.398,5,-7.477,1,0.038,0,0.134,0.619,97.978,26,2021,chillout
2GpaUa8rv5aDLMvdtpdgmo,0.6,0.458,4,-5.783,1,0.0232,0,0.12,0.124,104.996,29,2004,chillout
1aD4qE5Rwb1AmI7u6TtqRn,0.607,0.247,9,-11.994,1,0.0301,9.73E-05,0.103,0.148,154.03,29,2021,chillout
7tXvPBWrMatlqufZCh2Vq2,0.742,0.0733,2,-21.075,1,0.0535,0.00069,0.101,0.679,86.066,27,2021,chillout
6l1DC6p0q0tGguuqMRDEGa,0.844,0.527,8,-7.268,1,0.14,1.08E-05,0.166,0.244,130.023,49,2021,chillhop
52h8p62Jx8KzQynM6heq7n,0.378,0.661,7,-6.221,0,0.0614,0,0.157,0.509,118.055,65,2020,chillhop
4pBwZlClhq6vV6qdSkyf00,0.86,0.411,7,-12.472,1,0.0523,0,0.148,0.766,106.992,53,2021,chillhop
5KIhQss6DPiIhEaqGczcmH,0.838,0.537,11,-8.137,1,0.125,0,0.157,0.698,129.959,39,2021,chillhop
3HtBlVs6xewygz4Ii8Z34H,0.898,0.478,0,-8.89,0,0.0379,0.000158,0.111,0.42,110.986,41,2020,chillhop
7pcHGT0xoMPK3bModK652d,0.779,0.248,9,-16.184,1,0.0557,2.92E-05,0.0809,0.304,126.055,39,2019,chillhop
6YM4MHasgqZg5STe8ZmIpy,0.844,0.406,6,-6.828,0,0.0447,0,0.175,0.679,84.016,43,2020,chillhop
1O9dMQXrcNEKC07Kn4WHc6,0.859,0.528,9,-7.228,1,0.0537,0,0.0966,0.5,127.015,40,2021,chillhop
6qZ6mYxaLk5SvjoCKkcXtr,0.554,0.41,8,-11.049,1,0.0828,0,0.0936,0.586,139.764,47,2020,chillhop
2hIAJU2g4OuCLORUt31oa4,0.712,0.264,8,-12.712,0,0.054,0.00374,0.1,0.269,80.001,29,2021,chillhop
4UxLtPL9aOHTz8XiVJsthQ,0.509,0.409,3,-11.851,1,0.0904,0,0.131,0.375,159.89,48,2021,chillhop
7ly9bwq9boJGV8ZyOrzA0c,0.748,0.368,6,-14.013,1,0.0504,0.00484,0.105,0.214,139.994,25,2019,chillhop
562Uobw3ADMQAw1sONu3MK,0.568,0.471,7,-8.696,1,0.0957,0.000271,0.11,0.383,81.905,51,2021,chillhop
0NyAWH9P5RNUMezxgCEsno,0.757,0.682,11,-7.361,1,0.161,0,0.144,0.425,152.006,43,2015,chillhop
0xG48CBxqMQoYscjjXwD6v,0.694,0.344,9,-11.359,1,0.128,0,0.18,0.789,133.972,48,2020,chillhop
4UeTpChr0hd1E7cQakvlXQ,0.709,0.48,7,-10.401,1,0.0828,0,0.217,0.445,86.015,32,2021,chillhop
7ldtSzaLIXrHZvD9f1aVcR,0.597,0.444,7,-8.136,0,0.323,0,0.127,0.518,83.922,45,2021,chillhop
6YM1qVacK0vWxPKm9iVj6g,0.792,0.396,8,-10.953,0,0.283,0,0.116,0.462,83.981,38,2021,chillhop
4AzJHC59UminCdJWZPo762,0.742,0.602,9,-8.503,0,0.0578,0,0.192,0.556,144.955,41,2020,chillhop
0aJFeshtq8VKT80mKsQJII,0.582,0.31,9,-11.853,1,0.0575,0,0.116,0.762,74.822,48,2020,chillhop
6wQkngnfn449xwpr9zd815,0.66,0.341,5,-10.503,1,0.0565,0,0.113,0.554,158.121,32,2018,chillhop
6NS0RT4vaV03eVrU7mUNrQ,0.745,0.502,0,-8.118,0,0.0714,0,0.148,0.599,88.013,41,2014,chillhop
6VmtHYkk81yli04paFVxqJ,0.766,0.494,9,-11.419,1,0.0593,9.76E-06,0.112,0.513,151.991,63,2021,chillhop
5mvATCYjalpeahYgVeMIoK,0.664,0.21,9,-17.213,1,0.0384,9.26E-06,0.124,0.228,79.997,38,2020,chillhop
1EmWALslFFTHaAcGj4RlS1,0.545,0.566,7,-6.602,1,0.304,0,0.139,0.645,71.385,44,2020,chillhop
7u8XLELVrKbCoGo6gBfFIo,0.699,0.406,7,-8.985,0,0.11,0,0.222,0.547,72.989,27,2021,chillhop
2n9kyKdzurHTdFbx3gbeLA,0.689,0.463,2,-11.704,1,0.0395,0,0.0839,0.547,120.038,32,2019,chillhop
68cHJXmsB4mbDtqs8Ypc9d,0.704,0.552,9,-9.369,1,0.0367,3.48E-06,0.143,0.583,150.097,39,2021,chillhop
4MC717UdJgptf1FuUaa25i,0.817,0.417,5,-12.043,1,0.0451,0,0.211,0.689,120,36,2020,chillhop
5cFcruJIh8eG4xt2Z0LEil,0.815,0.409,4,-13.973,1,0.0582,0,0.108,0.811,110.004,27,2021,chillhop
7gFhyOlGIO4d9yNxIS5ijn,0.615,0.255,0,-12.137,1,0.0743,0.000268,0.447,0.349,74.748,47,2019,chillhop
14XHzxlVWJpKcIc31V0X3p,0.716,0.62,7,-7.205,1,0.0702,0,0.378,0.143,129.941,45,2019,chillhop
31xRlxSacT0RM1eC8Eesdl,0.73,0.436,9,-9.264,1,0.052,0,0.0579,0.501,136.043,26,2021,chillhop
5MTEo2LW7fZAyPkKPQCzId,0.589,0.395,6,-13.159,1,0.0643,0.000768,0.1,0.385,146.031,40,2019,chillhop
2lh1Df003BptzVO2lOsu4A,0.714,0.401,0,-11.365,1,0.103,0.334,0.129,0.327,76.031,43,2018,chillhop
7vyO8Ul4NQf16iHhlaB3Db,0.776,0.508,11,-9.234,1,0.122,8.08E-05,0.11,0.207,77.998,39,2021,chillhop
3aJR99jXEO3lkKkfIQt0fP,0.658,0.451,6,-11.448,1,0.0414,0,0.0412,0.374,149.972,41,2019,chillhop
48C88PZs23IB0CXd2mkt2i,0.878,0.67,11,-6.049,1,0.0934,0,0.142,0.714,135.072,40,2018,chillhop
3djdR2z30hThWNLee6MD2U,0.685,0.523,11,-8.566,1,0.0495,0,0.112,0.298,149.858,44,2021,chillhop
006ELomwU8jgqx2nrKO5iE,0.66,0.392,10,-13.062,1,0.0659,0,0.0948,0.436,171.913,36,2019,chillhop
6NxIfkFHZMigIHmczn1jj5,0.734,0.676,1,-8.442,0,0.12,0,0.0904,0.426,120.009,27,2019,chillhop
45rhN8gJcmAAQ8cLe63jqT,0.585,0.525,9,-6.885,1,0.0305,0,0.213,0.0632,140.023,38,2019,chillhop
2EvT1LX8DGWBDPVw5BGEDX,0.68,0.421,0,-10.942,0,0.0674,0.0342,0.117,0.174,81.924,26,2019,chillhop
4J0nzWuZxCJKcLxoQgeuvt,0.755,0.344,9,-14.941,0,0.0363,0.000124,0.171,0.579,98.953,39,2021,chillhop
1fWK0kfOc5X6FUjidhswex,0.733,0.394,8,-9.376,0,0.0349,0,0.11,0.586,114.938,42,2020,chillhop
2s8LosoUCgafeKkmmBpdUT,0.709,0.485,10,-10.332,1,0.0909,0,0.125,0.529,78.047,41,2019,chillhop
5rp2En3jKJhJjZoedyh4Zp,0.742,0.257,9,-13.06,1,0.0458,0.000114,0.352,0.255,126.984,42,2019,chillhop
0EQeDyFK8djZ0zffb1OgD6,0.803,0.491,0,-9.95,0,0.0712,0,0.145,0.49,123.911,44,2021,chillhop
3QAGjGuzNxFmxTQw2DCtSY,0.744,0.348,2,-15.55,1,0.0338,8.42E-06,0.117,0.753,86.992,44,2020,chillhop
2bHaQXJxW57JNIWyyLxjig,0.769,0.573,1,-8.475,1,0.317,0,0.122,0.505,133.975,41,2020,chillhop
1tQuz5cHhbFRwJbYncPzbH,0.795,0.424,0,-11.639,0,0.0379,4.40E-05,0.0809,0.419,130.023,36,2021,chillhop
0t6Fk6MpmUDCjLa63Dp64q,0.806,0.136,3,-21.305,1,0.0783,0.000121,0.053,0.165,103.976,38,2021,chillhop
50XIyKBvu1wOzfkLPh2WDv,0.741,0.371,4,-13.608,1,0.0663,2.33E-06,0.337,0.359,140.069,28,2021,chillhop
7sS050LQeGrMHhASvUnGxQ,0.881,0.421,7,-9.888,1,0.0734,0,0.0923,0.427,110.013,42,2021,chillhop
1OaImZ2RDdJKEp5JMtZiQr,0.845,0.462,7,-9.246,1,0.0531,0,0.14,0.371,120.045,47,2020,chillhop
5tMYEz0GwEiRIYJ4GWwnfQ,0.689,0.505,2,-10.874,1,0.0612,0,0.12,0.363,128.079,36,2019,chillhop
52F7ZKSLbX4C4MEANQyqDP,0.854,0.278,3,-13.315,1,0.0522,3.66E-06,0.0991,0.274,114.01,43,2021,chillhop
7pjfbL2qxr3EpCfP1hA5HL,0.809,0.41,0,-8.503,1,0.0447,4.68E-06,0.113,0.584,139.998,33,2020,chillhop
1peX2Dx0Y8R0XK5awFcXR2,0.675,0.361,10,-13.333,1,0.0485,3.80E-05,0.201,0.391,140.06,36,2020,chillhop
6xR90SdtAlBxq6OAKPyOaY,0.726,0.413,9,-9.656,1,0.11,0,0.229,0.44,126.073,32,2020,chillhop
4gjECXXGkbRXIYN5IaCCPe,0.831,0.276,5,-10.211,0,0.0574,0.329,0.0579,0.385,121.949,19,2021,chillhop
4dBHXjJE3tedaIMYGO1H7R,0.929,0.471,0,-9.814,0,0.414,6.40E-06,0.0928,0.389,127.036,32,2019,chillhop
2nDDLc6V7i8vnq1qq4IY2H,0.737,0.363,1,-12.533,1,0.0693,0.000264,0.105,0.0514,137.95,29,2019,chillhop
68GuQEezW1O6mjBHCcToMc,0.857,0.427,0,-12.295,0,0.0626,0,0.123,0.468,135.965,29,2021,chillhop
0jiNGUUPxpJxd2nXHooaFF,0.857,0.489,7,-9.541,1,0.0513,1.20E-06,0.37,0.927,133.064,40,2021,chillhop
4Tm3AerH6bjqxNB90QJFYy,0.794,0.484,5,-6.999,0,0.0714,0,0.105,0.401,116.065,28,2021,chillhop
11ccnXFBzRn8USeTKvmQoA,0.713,0.413,4,-12.389,1,0.0424,1.34E-06,0.0826,0.137,91.997,36,2019,chillhop
3FahAC1ReYamjNYsbFv4eB,0.629,0.462,8,-8.182,1,0.0512,0,0.124,0.286,139.888,34,2019,chillhop
4dRst4FMUNWkxWsGMyzoOn,0.616,0.313,0,-15.93,1,0.03,0.00584,0.0662,0.16,93.533,34,2020,chillhop
0MNemc24NyVm0zdeVWUPhq,0.865,0.5,1,-9.431,0,0.177,0,0.106,0.324,82.509,41,2019,chillhop
0bYrTMBnHPJxGq97yXf5Up,0.707,0.489,2,-9.164,1,0.049,0,0.113,0.309,123.935,30,2021,chillhop
1Kpks9xumTPlTPwAiw4S6k,0.809,0.328,9,-12.903,1,0.0836,0,0.0728,0.406,130.008,40,2019,chillhop
2dP91pe5MtjIIzP4eYxiEt,0.833,0.431,1,-9.579,1,0.0653,3.51E-05,0.0776,0.293,112.969,26,2021,chillhop
0oUHi7uxmROjx6Ho4IxrJs,0.745,0.642,5,-6.912,1,0.046,0,0.401,0.477,120.009,33,2021,chillhop
0jS3lCPLOhz96cByy5mrsa,0.792,0.428,4,-8.739,1,0.0606,0,0.0971,0.557,90.925,36,2019,chillhop
2y0FMi81r09wBCOdCTAHdA,0.604,0.23,4,-12.714,1,0.0702,0,0.0699,0.218,154.925,23,2020,chillhop
03Pt7mrBQdr61kQG9LDWLG,0.727,0.564,0,-8.48,1,0.0801,0,0.284,0.271,110.064,29,2020,chillhop
0Wo2LdP938emjHjvrEmOlM,0.862,0.597,5,-6.518,0,0.0499,0,0.0712,0.48,130.066,37,2019,chillhop
6FKNJVpQzNXQv8bdWsiMEK,0.651,0.575,6,-7.842,0,0.0692,0,0.118,0.265,158.031,39,2020,chillhop
0zlkiJomEp4UdEX874zcaf,0.669,0.549,2,-11.19,1,0.0495,1.03E-06,0.126,0.523,90.008,23,2020,chillhop
3DuoG0tx7Y60eOlFfJHaez,0.831,0.294,3,-15.399,1,0.0359,0.000511,0.288,0.528,137.929,37,2020,chillhop
1VRoH74lH2RZbhbHTpEp2K,0.731,0.557,8,-8.651,0,0.0962,0,0.141,0.158,130.064,43,2019,chillhop
24rXwGUm817V2QqwDmSHbm,0.573,0.565,9,-8.823,0,0.196,0.000275,0.0758,0.228,82.966,34,2019,chillhop
6Q4tWZ2aLXQ1imNtMh2HOm,0.901,0.405,0,-9.503,1,0.0363,0,0.0971,0.909,110.049,29,2021,chillhop
3l08IO2l6dlidBW4ah3XIv,0.506,0.491,2,-8.229,1,0.0482,0.000411,0.158,0.182,80.962,31,2020,chillhop
5F5mQXJpup0YDzXU4EJTLv,0.706,0.679,1,-6.401,0,0.0393,0,0.187,0.73,115.333,37,2014,chillhop
6cmfY5oSPpisk8lK15BHN4,0.678,0.434,7,-11.384,1,0.162,0,0.0865,0.599,144.911,25,2020,chillhop
2uXmfTQP2pkD6SrQeFhRLF,0.619,0.575,0,-6.041,0,0.0312,0,0.15,0.229,114.912,42,2019,chillhop
6pjkvEiTv4JsLOP1Df260O,0.741,0.444,2,-10.661,0,0.0477,0,0.111,0.166,104.924,28,2018,chillhop
33C7jWWSjltv4otUwvR3a0,0.795,0.485,5,-9.528,1,0.0602,0,0.309,0.68,123.931,24,2021,chillhop
2yivXemjEIcqwTd8t3xCsn,0.786,0.443,0,-11.48,1,0.0669,2.18E-06,0.104,0.261,109.96,43,2020,chillhop
580YSWH4n74gBnaNwDaUeb,0.657,0.284,6,-16.185,0,0.0648,0.00258,0.113,0.237,85.016,35,2020,chillhop
6rGWcAIlkhPDc85YIiZ5Oc,0.528,0.411,1,-9.776,1,0.0518,0.0149,0.167,0.0363,84.761,36,2020,chillhop
1Sfrdjfgfo00O48xMvVWIq,0.565,0.463,7,-12.346,1,0.0497,0.000396,0.234,0.284,93.873,26,2020,chillhop
0YIRFKO85tqK2MgNp1PqJ2,0.708,0.606,7,-7.535,0,0.0651,0,0.132,0.329,130.082,27,2018,chillhop
172cgsbV76wb8jAgY0mCEX,0.758,0.5,5,-9.769,1,0.0369,0,0.0581,0.742,95.086,25,2021,chillhop
3873dyYMpVvp9jAsTojAan,0.686,0.277,2,-13.337,1,0.0649,2.25E-06,0.194,0.292,117.958,33,2021,chillhop
2xw9FcTxwiJ5JE85QhF9Jr,0.754,0.384,0,-12.971,1,0.121,0,0.0877,0.507,155.861,25,2021,chillhop
4NTTU2Sze9AOGjlyF7TRLy,0.86,0.352,2,-15.719,0,0.412,0,0.527,0.734,84.048,30,2019,chillhop
3PuICRfe3gyAPe3C5jX5a8,0.857,0.428,8,-13.303,1,0.0898,0.83,0.0868,0.354,124.997,33,2020,chillhop
5ndp5yVxoWbTSDRY1nAipf,0.822,0.678,0,-3.494,1,0.0341,2.94E-06,0.0975,0.535,83.497,,,sea
72qN76bsjmlmqO5wtSsKxD,0.675,0.548,9,-9.225,1,0.0429,0.00254,0.107,0.809,160.066,,,sea
7ip4DUtdpLH4TkHfKgFbpf,0.678,0.569,11,-9.101,1,0.0319,0,0.25,0.4,94.995,,,sea
6GDI4Y8fOsptYwSW2iIUbe,0.715,0.309,10,-11.412,1,0.0417,1.22E-06,0.101,0.651,93.006,,,sea
2hteglfTJmJmqac9pXz7rb,0.702,0.641,0,-5.853,1,0.173,0.00579,0.118,0.467,166.017,,,sea
6MVbuOWvXHbPHtVwScK6M1,0.513,0.469,7,-8.166,1,0.0411,0,0.122,0.433,177.886,,,sea
1ZvsNPtC7kz7PHh2XZOTln,0.653,0.739,10,-6.683,1,0.193,0,0.358,0.811,140.062,,,sea
70gE5odAgYvmx0qB1bWDHz,0.786,0.569,0,-6.926,1,0.0389,0,0.179,0.801,94.021,,,sea
4OZjDh3pxthm3Ig9Fs7C7N,0.602,0.736,1,-6.23,0,0.0316,0.00243,0.115,0.71,117.068,,,sea
0nYZ6GR0fCPmxqjPOaPGjJ,0.879,0.631,10,-4.338,1,0.049,9.42E-06,0.436,0.656,106.999,,,sea
2cVpBnBvc8bhGDaSCFr6rV,0.624,0.712,2,-7.362,1,0.0311,0,0.0459,0.783,106.011,,,sea
1M2XakpRDkxjiuCirVPD8c,0.756,0.677,0,-6.573,1,0.0295,4.50E-06,0.204,0.68,125.048,,,sea
5t2958ghc1UIUovv1pqMl3,0.629,0.553,7,-5.162,0,0.403,0,0.106,0.544,125.912,,,sea
5CyYkeczaCPesQQMICCbmp,0.779,0.613,10,-7.207,1,0.0301,0,0.0954,0.682,102.013,,,sea
1Gmj4co7kM8To7cG02VcLF,0.751,0.665,2,-7.302,1,0.126,0,0.0377,0.914,86.912,,,sea
3w7qZzIkIzP6tj0xIm6Tms,0.656,0.69,10,-6.837,1,0.0335,0,0.04,0.882,127.938,,,sea
6v8ZTgbPV6KQKHOxQlJUtO,0.85,0.475,2,-7.912,1,0.0572,7.62E-05,0.0864,0.826,73.986,,,sea
0mt8i1U8mZsptqKxEc4ScO,0.69,0.634,5,-5.689,1,0.0376,0,0.119,0.451,89.959,,,sea
21TUMw9OKNnkuO14e0MyVb,0.701,0.485,9,-9.012,1,0.0366,4.29E-06,0.475,0.283,79.983,,,sea
1Xrh5j0eauQ8BlGhlkZHZB,0.856,0.366,5,-8.774,1,0.0753,0,0.102,0.335,92.078,,,sea
4rdkFCpdJvVldPS722ZZNQ,0.563,0.719,5,-7.232,1,0.0454,0,0.101,0.577,176.101,,,sea
6BEk0hXRgCdtaAwxnn0dHi,0.691,0.665,1,-4.917,1,0.0246,1.36E-06,0.082,0.653,97.988,,,sea
5tUj3ShkofdOL0Pp7fVCYS,0.729,0.565,3,-6.382,1,0.0393,0,0.104,0.712,95.146,,,sea
3baQivKfVXfzLERd3Zb4tw,0.674,0.4,6,-8.487,0,0.0377,1.01E-05,0.219,0.74,169.76,,,sea
1OCWm66r2PwI8RsspEMfzD,0.715,0.598,0,-7.161,1,0.0544,1.05E-05,0.465,0.558,91.983,,,sea
1GcLstNhtKD1c60tPGxYcH,0.81,0.674,8,-4.598,1,0.0402,3.59E-05,0.537,0.756,108.046,,,sea
3vgn9uNYGGpxABjcc4TWuF,0.768,0.676,7,-8.673,1,0.0564,0,0.113,0.874,121.976,,,sea
3zDfauunufdNjP8gBhlte0,0.83,0.421,7,-6.902,1,0.0735,5.39E-06,0.383,0.878,107.982,,,sea
1prCpIJwDUWyoVY4yQkURz,0.658,0.442,2,-11.007,1,0.0277,5.04E-05,0.0811,0.323,131.983,,,sea
00hpozFur43iV7X6nJXWmO,0.703,0.46,4,-13.54,1,0.0256,0.000285,0.125,0.676,106.042,,,sea
7CRlckF4NRDERxicjyXmBm,0.732,0.595,0,-6.746,1,0.0238,0.000136,0.102,0.536,100.035,,,sea
4MNcQBIup0zrb19SnUfTXA,0.674,0.605,1,-7.055,1,0.025,1.06E-05,0.111,0.563,92.026,,,sea
5EnkQKL8MNjxccKXy6g24g,0.834,0.654,6,-5.717,0,0.148,0,0.043,0.953,138.028,,,sea
6F9yDb4e33URT8BaO3Gw6s,0.761,0.282,0,-13.825,1,0.0845,3.65E-05,0.136,0.398,95.965,,,sea
7Ax43OS0HUPRYjrXWYPqHe,0.702,0.426,7,-10.209,1,0.0537,9.51E-05,0.285,0.405,77.984,,,sea
4r3UvwePMdXPJrqFautgTq,0.697,0.826,9,-5.109,1,0.0394,1.77E-05,0.122,0.756,130.03,,,sea
07Rj4iEKZZm9OhJ9S2M1l8,0.807,0.324,7,-7.428,1,0.0729,0,0.0779,0.546,68.022,,,sea
4lBDHCiFUWjHMqmroo8dPz,0.657,0.729,9,-9.4,1,0.0329,0.0131,0.285,0.759,118.014,,,sea
3DB5cok0icynOC7wj1AQuj,0.673,0.336,8,-10.088,1,0.0436,1.06E-05,0.111,0.631,105.025,,,sea
6vF9wV0m8FWeNsoClB43ii,0.759,0.62,0,-6.524,1,0.0813,0,0.35,0.734,82.018,,,sea
63eGghNk0tlCFqtjdE6aEq,0.713,0.497,11,-7.418,0,0.031,2.48E-05,0.0498,0.892,91,,,sea
6VmtHYkk81yli04paFVxqJ,0.766,0.494,9,-11.419,1,0.0593,9.76E-06,0.112,0.513,151.991,,,sea
3vsWnzTLExgV3VddydV3ST,0.771,0.559,9,-8.017,0,0.0316,3.53E-05,0.102,0.689,108.03,,,sea
2tnqncsjgyccckWm6hHutQ,0.686,0.63,7,-8.567,1,0.0345,0,0.232,0.936,91.963,,,sea
1ouhec3dkguVevVmcTIFtC,0.758,0.764,7,-4.587,1,0.0451,0,0.106,0.667,98.025,,,sea
7vHCdH8HtNOo2Q1D1OdHmj,0.8,0.706,11,-6.36,0,0.0364,0.000284,0.0715,0.91,120.07,,,sea
1kUwlk4SqvLEjOk8yFPtUe,0.726,0.562,9,-8.603,1,0.166,0,0.083,0.432,84.964,,,sea
5j9eyp0YnOKzAjQyXXXSeb,0.811,0.403,5,-10.785,1,0.0445,0,0.25,0.389,93.994,,,sea
3IHKC61m1RhwR4Y7slV1SP,0.776,0.388,7,-8.343,1,0.0299,0,0.337,0.751,92.981,,,sea
6LQf6ErCI7vw7KGKRP11zP,0.645,0.624,11,-6.523,1,0.039,0,0.13,0.78,200.143,,,sea
2vEkf14cozEBFLnBDfynY9,0.712,0.62,4,-7.967,1,0.122,0,0.308,0.681,87.941,,,sea
4OlKl4lMmuNtMA5zbou8l5,0.877,0.397,0,-8.148,1,0.116,0,0.172,0.494,94.032,,,sea
089OggImoTkmiPMVtVAs3I,0.812,0.556,10,-5.212,1,0.0614,7.54E-06,0.0854,0.559,104,,,sea
2kcR2dYA8aP06yNEJERsnt,0.459,0.847,2,-3.785,1,0.076,0,0.167,0.674,187.97,,,sea
63ZR6CaIe8mYwgg8vEWxTQ,0.702,0.535,11,-7.787,0,0.0413,0.000101,0.148,0.566,95.016,,,sea
0h48eAfbK0dlgnTf3x1lmK,0.609,0.302,6,-8.7,1,0.0322,0,0.105,0.426,131.636,,,sea
7iKRz3gZyobOg2fP94hD1P,0.69,0.785,10,-7.298,1,0.0303,1.11E-05,0.122,0.889,103.056,,,sea
4zvpnvtc2IYE3EMQau3vIH,0.864,0.52,1,-10.009,1,0.049,0.000117,0.219,0.79,102.016,,,sea
0IkjbLNMaAxf3tpSLjxu6p,0.565,0.607,3,-10.643,1,0.0361,0,0.105,0.784,204.05,,,sea
0QR1ZEGe5QBEYpmzh6PGov,0.587,0.765,1,-6.945,0,0.0461,0.000124,0.366,0.705,124.926,,,sea
2ZGgIXaoierTsnkrDzuBzY,0.844,0.605,6,-5.85,1,0.027,1.30E-05,0.111,0.782,107.996,,,sea
6GVBXMArxujxWfZx3vGvgC,0.714,0.804,11,-6.271,1,0.0713,1.00E-06,0.32,0.731,93.033,,,sea
1NVyrOAoq5N07oBRgf4Q0R,0.711,0.573,11,-5.624,0,0.0375,0,0.323,0.692,89.066,,,sea
3QAGjGuzNxFmxTQw2DCtSY,0.744,0.348,2,-15.55,1,0.0338,8.42E-06,0.117,0.753,86.992,,,sea
1a36bnN4bRYpP8pbPdJbft,0.79,0.625,4,-5.452,1,0.0738,0,0.0821,0.906,109.051,,,sea
4pBwZlClhq6vV6qdSkyf00,0.86,0.411,7,-12.472,1,0.0523,0,0.148,0.766,106.992,,,sea
06aM8yKBaItuEi6jv1unEY,0.76,0.757,9,-5.88,1,0.0438,0,0.31,0.785,112.039,,,sea
7i0Dv6Q16wOlQmQsWXBeTm,0.681,0.822,7,-6.09,1,0.0737,2.15E-05,0.3,0.859,95.978,,,sea
3oryZBNydQsaIe29Z4QSSR,0.831,0.652,11,-11.707,0,0.0402,0,0.0575,0.899,112.01,,,sea
6unWn6jj2L4KtSZWzhzrPQ,0.682,0.598,2,-7.406,1,0.0303,0.00166,0.188,0.781,168.108,,,sea
4VnPvDMQKpwbOYfG4fBKiC,0.763,0.453,0,-14.17,1,0.0473,4.30E-05,0.106,0.594,93.029,,,sea
6IaPZShzsKS2rV4rlu2SFD,0.513,0.159,8,-12.421,1,0.0422,2.16E-05,0.111,0.214,142.15,,,sea
5kLasrdRJmRP6mwfbONjrZ,0.764,0.761,1,-5.258,0,0.0399,0.00176,0.132,0.856,109.982,,,sea
03UCygRxVwn1CyFEA7fiTV,0.719,0.467,6,-6.968,0,0.0337,5.04E-05,0.124,0.811,159.883,,,sea
4nlO2jpngeeA4R1PUzNy7L,0.624,0.457,7,-9.828,1,0.224,0,0.175,0.641,201.93,,,sea
432jibh3oyQV76TtX8brr9,0.796,0.702,7,-4.332,1,0.0296,0.00152,0.173,0.727,120.027,,,sea
4usKH3xOYdyGD1QmFaZNYK,0.795,0.512,9,-8.999,1,0.028,1.13E-06,0.216,0.835,100.05,,,sea
5BANxnlPz5VqX1a0Ut1YQo,0.737,0.432,0,-8.997,0,0.0659,0,0.0854,0.671,90.009,,,sea
5PMJyQr4nI8L78r6TXumeU,0.766,0.698,6,-7.664,1,0.0339,0.00243,0.224,0.725,113.086,,,sea
14vSBh6hjOO1i1XlBcjNuH,0.708,0.896,0,-4.923,0,0.131,0,0.0518,0.668,99.978,,,sea
5BS4lRz13ztnSaBy8spQ7W,0.727,0.518,1,-6.039,1,0.0328,0,0.119,0.452,129.968,45,2018,tired
0MejzQMW0yfpwfZwIjNaAH,0.631,0.567,6,-8.274,1,0.0412,1.61E-05,0.366,0.329,77.016,53,2020,tired
6MVbuOWvXHbPHtVwScK6M1,0.513,0.469,7,-8.166,1,0.0411,0,0.122,0.433,177.886,35,2020,tired
5IhhrvfCkohibHUmecRm8B,0.413,0.687,7,-6.971,1,0.115,0,0.129,0.607,204.227,39,2020,tired
3AoCPB8NMxZcxzXKswXfpY,0.469,0.513,11,-7.736,1,0.0308,0,0.12,0.648,182.001,47,2019,tired
7tFrJ1JPTVmQKVU5XlGQdb,0.784,0.268,2,-14.39,1,0.0311,0.000555,0.111,0.569,91.998,52,2017,tired
7N1mCWyLnYXfi3AXagJCNo,0.557,0.295,5,-12.706,1,0.0355,0.00201,0.111,0.133,76.061,51,2012,tired
7JT0xvRdL46U36JqiCTfWS,0.468,0.245,1,-9.323,1,0.0275,0.0205,0.103,0.0833,74.361,42,2015,tired
1omAPMClfzdHs8LnRt9rOI,0.668,0.496,1,-6.82,0,0.0462,2.70E-05,0.124,0.348,78.024,44,2021,tired
5RngQ308098nYwz7m5ze4m,0.592,0.663,5,-4.312,1,0.0746,3.03E-05,0.0872,0.628,85.023,41,2012,tired
7ip4DUtdpLH4TkHfKgFbpf,0.678,0.569,11,-9.101,1,0.0319,0,0.25,0.4,94.995,59,2021,tired
2hteglfTJmJmqac9pXz7rb,0.702,0.641,0,-5.853,1,0.173,0.00579,0.118,0.467,166.017,54,2021,tired
7JHmT8XIxUbYhQCuPfvLGG,0.604,0.652,1,-7.912,0,0.188,0,0.151,0.759,169.877,43,2014,tired
0UdosedsHuO7pFUxOLJNDT,0.663,0.702,4,-6.95,0,0.255,0,0.0885,0.654,78.09,47,2021,tired
0bXoFpU60gcnq93Q5JvVm4,0.445,0.175,4,-12.634,1,0.0308,0.000327,0.108,0.386,144.142,50,2020,tired
688G24t6YYgCkHHItWDnsf,0.556,0.339,2,-7.177,1,0.0268,0,0.132,0.253,81.18,33,2019,tired
3ADD6eZhJPHrRKAQ2MWBD5,0.414,0.333,0,-8.833,1,0.0356,0,0.117,0.272,179.907,33,2020,tired
6eNis1lYnjtMVoSG7h1dIm,0.638,0.782,7,-2.819,1,0.0449,0,0.122,0.722,86.01,51,2020,tired
1vZPPkCUwCejpoPt9tzAFK,0.624,0.387,6,-9.247,1,0.041,2.73E-05,0.203,0.35,144.088,45,2018,tired
4YxaxRxi8lFZdAWS9nCmAn,0.556,0.579,7,-5.843,1,0.0251,0,0.11,0.391,159.885,57,2021,tired
0aJAcYxpDXLiBgNw0z040V,0.512,0.565,9,-10.638,1,0.289,0,0.0804,0.566,168.194,39,2019,tired
5bvgLLWn7IFu6mOa46XaoV,0.727,0.425,2,-11.781,1,0.0425,8.33E-05,0.368,0.487,95.045,55,2019,tired
63VOJDNJ3a5dve74kzWVcF,0.638,0.193,9,-12.366,1,0.0357,0,0.316,0.55,140.118,53,2020,tired
0AImXQjGCKbe4UnEdTDUmz,0.628,0.816,9,-6.162,1,0.111,1.19E-06,0.134,0.467,163.987,36,2020,tired
6yv3mmMy77HFmlgXtr3rmu,0.579,0.581,8,-6.717,1,0.0283,1.76E-06,0.136,0.2,79.981,44,2019,tired
7K41SevJ4ihWtiOiF1eAak,0.579,0.563,9,-5.29,1,0.0259,8.99E-06,0.304,0.359,135.955,51,2016,tired
2RWPiJ1wDnDoqZmPJNHpRC,0.527,0.387,9,-9.215,1,0.0319,0,0.0878,0.212,83.907,38,2018,tired
5gkngjGaovseAkdi4qhcVp,0.682,0.409,0,-9.478,1,0.0247,7.42E-06,0.118,0.337,89.95,42,2015,tired
0uSPq0GNlfrIeaBDc2574f,0.652,0.489,2,-8.457,1,0.0413,0,0.127,0.476,136.035,61,2021,tired
48hZrIt6isIvgbWfvvGgjI,0.64,0.579,2,-10.65,1,0.0445,0,0.0709,0.426,135.943,0,2019,tired
692Ch9apeq9cOvZ5FalzVB,0.584,0.471,10,-8.645,1,0.0771,7.40E-05,0.0933,0.435,77.801,50,2021,tired
5gJd2XWfQSLvJnyQYeKfaq,0.7,0.748,9,-2.835,1,0.0419,1.04E-05,0.119,0.168,76.49,47,2020,tired
6R9YzJHkfYoN6PianPhTdB,0.574,0.592,0,-6.926,1,0.0386,0,0.127,0.387,131.841,58,2020,tired
06DPpk0hUJEgpzl5cuWNI6,0.598,0.669,4,-5.506,1,0.0419,0,0.178,0.788,82.997,56,2016,tired
1cmU1HSgnNZ8UGyhPTvoue,0.599,0.459,7,-6.925,1,0.033,4.94E-06,0.118,0.36,129.348,49,2020,tired
3ix6NDf1HbLpP8zdWhu7Q6,0.663,0.312,8,-10.7,1,0.0302,3.59E-05,0.122,0.317,125.987,46,2019,tired
1M2XakpRDkxjiuCirVPD8c,0.756,0.677,0,-6.573,1,0.0295,4.50E-06,0.204,0.68,125.048,65,2021,tired
33diPovBu4Vxw4k83wrKmB,0.49,0.46,7,-8.86,1,0.0797,2.66E-05,0.33,0.275,67.879,43,2018,tired
6v8ZTgbPV6KQKHOxQlJUtO,0.85,0.475,2,-7.912,1,0.0572,7.62E-05,0.0864,0.826,73.986,45,2020,tired
0Ganp2fdgbNuO7ZjcLu0x1,0.614,0.368,0,-9.756,1,0.0292,9.51E-05,0.339,0.428,82.014,37,2019,tired
5rp2En3jKJhJjZoedyh4Zp,0.742,0.257,9,-13.06,1,0.0458,0.000114,0.352,0.255,126.984,42,2019,tired
5fDc3i3gwjyNCBbln2ZoVn,0.768,0.457,8,-5.991,1,0.0307,2.46E-06,0.137,0.318,123.943,45,2019,tired
7xJowlJfrvuFbooVesjFm0,0.539,0.739,10,-4.543,1,0.0318,0,0.0986,0.848,78.995,45,2019,tired
26frjykiXI0yJAYrW8idHQ,0.653,0.441,0,-11.113,1,0.244,0,0.185,0.723,160.088,38,2020,tired
1glL2xlOB9vcQPF5kj5Xia,0.372,0.317,1,-10.34,1,0.0346,0,0.0963,0.31,174.511,42,2019,tired
1PRByEhLOzWd74sjPQjJlS,0.707,0.591,4,-8.219,1,0.044,0,0.186,0.535,129.946,0,2019,tired
1Efq7J3I1fJ4A6RMQQ5S95,0.603,0.304,6,-10.423,1,0.0306,5.22E-05,0.0962,0.224,155.781,47,2020,tired
6B9J6D1kpTNFACHRlYPduM,0.526,0.779,0,-6.163,1,0.0733,0.000564,0.083,0.668,180.062,42,1996,tired
5sXuqzLmT1z6Gnf3S2TzSz,0.436,0.296,10,-10.095,1,0.0417,0,0.132,0.257,140.056,52,2021,tired
7CRlckF4NRDERxicjyXmBm,0.732,0.595,0,-6.746,1,0.0238,0.000136,0.102,0.536,100.035,37,2021,tired
0HQzStvBO6VfZdHXThZsFH,0.689,0.499,9,-7.029,1,0.069,0,0.285,0.413,140.009,52,2020,tired
7dZrjKPijq9QnNxfaCAmki,0.622,0.531,2,-6.591,1,0.0257,0,0.0737,0.717,87.973,28,2020,tired
4X3iKvgA1qks0gsZ5Po2Hw,0.615,0.358,6,-8.111,1,0.0294,2.79E-05,0.103,0.308,75.011,42,2016,tired
1RVYucT3tc32YzRDsP30t3,0.683,0.591,1,-7.742,1,0.0282,0.0213,0.124,0.606,119.919,58,2021,tired
6Ey5XSO0Z4JGzORvdo1SdX,0.604,0.472,9,-7.877,1,0.0353,1.44E-05,0.0956,0.275,174.021,41,2004,tired
0zEDOBB1fHaAR0YBBIusQQ,0.44,0.278,6,-10.348,1,0.0275,0,0.129,0.159,75.635,24,2019,tired
7rPgEHP99pFjOe96J7NddN,0.33,0.557,8,-8.968,1,0.0605,3.24E-05,0.108,0.526,85.152,28,2019,tired
01OV7S5Hn7tsLXtisTdzNO,0.341,0.497,0,-7.893,1,0.0317,4.10E-06,0.116,0.355,66.676,39,2018,tired
0ROVfEs3hrAP0VOgDAIdd5,0.505,0.596,4,-7.027,1,0.041,0,0.261,0.335,167.517,50,2020,tired
7IcfEY0IyV4fdALbwJCw3v,0.536,0.421,11,-11.907,0,0.0344,0.000112,0.102,0.534,138.013,51,2019,tired
05WHgjtWx32x40VmFkLnOd,0.676,0.726,11,-4.953,0,0.0339,0,0.0459,0.734,116.985,51,2016,tired
7uL1SRxvogSqZ3SHNcmJ5n,0.514,0.447,8,-6.883,1,0.0297,0,0.0908,0.23,172,34,2019,tired
2Qb393tDACoGuSRj16ecCg,0.499,0.445,0,-9.041,1,0.0319,0.000715,0.0892,0.214,143.771,34,2019,tired
3hkLfwuEsdfYT8C4IUVljp,0.497,0.614,7,-6.095,1,0.0323,1.04E-05,0.526,0.364,149.948,0,2019,tired
350ueeYzgbVAyFXebXkOZf,0.64,0.365,2,-15.836,1,0.0293,4.99E-05,0.105,0.262,99.9,0,2009,tired
1Xrh5j0eauQ8BlGhlkZHZB,0.856,0.366,5,-8.774,1,0.0753,0,0.102,0.335,92.078,46,2021,tired
00XqyOkSIiqOygR0kezc4x,0.7,0.479,3,-8.291,1,0.0315,2.16E-06,0.0938,0.22,139.955,50,2018,tired
132z9QsPpTaZbUYYGzKAqG,0.655,0.552,0,-6.823,1,0.0314,2.66E-06,0.106,0.372,81.021,28,2021,tired
7hQ5OYfBuXI6XX1IAno3aY,0.731,0.438,4,-7.185,1,0.041,3.83E-06,0.108,0.244,84.533,28,2021,tired
18FO8jFuW0Gj5fm959nRia,0.331,0.336,0,-9.567,1,0.033,0,0.103,0.103,178.024,40,2015,tired
3EMXuZ7n0lgQSNSsVk5d3n,0.638,0.677,5,-5.094,1,0.0604,0,0.263,0.535,140.003,53,2020,tired
2NKwqeVXxyu7stKt45vXI8,0.631,0.249,7,-9.063,1,0.032,0,0.127,0.369,112.035,35,2020,tired
438m0u7h7miwjCdCdDCl9W,0.324,0.222,10,-10.322,1,0.0351,0.0518,0.134,0.187,76.975,49,2019,tired
4OZjDh3pxthm3Ig9Fs7C7N,0.602,0.736,1,-6.23,0,0.0316,0.00243,0.115,0.71,117.068,49,2019,tired
61Q63SKAwtybMFkrgivcVu,0.641,0.723,7,-8.412,1,0.0282,0,0.367,0.628,93.977,0,2013,tired
2DGML8QGM2hOV3a7ROZfpJ,0.629,0.367,6,-10.521,1,0.0277,0.0403,0.104,0.291,94.031,27,2014,tired
1zX4JRQpUlQSHwccLL6pJN,0.654,0.617,10,-7.17,1,0.022,3.32E-05,0.211,0.564,99.999,47,2015,tired
57M9uf17oi6wcCo3Opvg6W,0.692,0.529,0,-7.418,1,0.0419,0,0.322,0.38,81.972,46,2020,tired
1Hv7SJqBPx07QIDMCCOqIW,0.654,0.686,0,-8.067,1,0.0445,1.73E-06,0.25,0.687,139.927,35,2020,tired
4hy03eg0PksOEJraNfqb1O,0.476,0.338,5,-13.892,1,0.0371,5.00E-05,0.0931,0.23,167.958,7,2018,tired
72bifeUJaxwOtGjGiVqAeB,0.702,0.335,11,-11.367,1,0.0603,8.09E-05,0.0882,0.0589,80.024,36,2018,tired
6o2OEznmKATjZy0JK3W3wK,0.728,0.222,1,-15.633,0,0.0962,6.20E-06,0.115,0.343,94.989,34,2019,tired
4PXdOchDL7aUZghQobIlhX,0.705,0.746,1,-5.03,1,0.0416,2.01E-05,0.194,0.539,99.993,50,2016,tired
6Z5qvUENvyIGQwM77FS3TS,0.516,0.331,10,-7.778,1,0.0542,0,0.144,0.367,72.674,29,2020,tired
2nwYj4pn41FhoTlh1jSznh,0.702,0.673,7,-6.437,1,0.0352,0.0106,0.132,0.844,94.003,0,2013,tired
3YiOx9F9sNJ3wKubI7AICo,0.756,0.413,1,-7.892,0,0.105,3.71E-06,0.117,0.204,99.895,21,2019,tired
0rvNW2zfoFqdz7jHw3VqSQ,0.552,0.569,9,-4.666,1,0.0277,0,0.112,0.349,79.995,50,2019,tired
6NZWbrgkY1CRoKkgYnJleV,0.692,0.578,9,-7.804,1,0.128,0,0.365,0.507,89.879,39,2019,tired
4sgvAunsS7sSd1mGDRmhlJ,0.745,0.35,3,-8.608,1,0.0278,2.74E-06,0.393,0.395,109.88,42,2020,tired
15zvOBuL1QbkL7bvudg2p5,0.48,0.166,9,-18.08,1,0.0352,0.122,0.128,0.202,98.573,51,2019,tired
5GPHWpSYJjem2qx4dK1sEl,0.577,0.504,9,-8.987,1,0.0273,3.48E-06,0.337,0.533,86,47,2020,tired
7LstETxCIeAEgzW1jZQ6kq,0.637,0.411,9,-7.867,1,0.0242,0,0.13,0.309,133.985,40,2020,tired
3JZKFurBE2VnEqwpzGDAU7,0.789,0.479,9,-9.254,1,0.0759,0.000307,0.131,0.574,122.941,64,2021,tired
0FtU5XK2S0hitcwMKlkEvd,0.562,0.173,2,-12.853,1,0.0496,0,0.49,0.538,119.83,41,2021,tired
0OBPjif46Jbz7c4xIqiBEw,0.573,0.8,5,-4.954,1,0.0443,0,0.185,0.617,138.041,47,2019,tired
72KOmS4Af9IEFsT87TK1VQ,0.698,0.526,6,-6.289,0,0.103,9.50E-05,0.105,0.608,80.031,46,2017,tired
4pCtbUxjjWsKZxo2mNNsvQ,0.438,0.503,9,-6.524,1,0.0272,0.00242,0.19,0.569,89.802,32,2020,tired
4D6f8Y7qiOvmFbm3TIab22,0.675,0.7,8,-3.944,1,0.0273,0,0.11,0.463,107.994,33,2020,tired
7nVTeSpry1cMbgyCmSd1ae,0.679,0.861,7,-4.789,0,0.0624,0,0.0974,0.57,84.007,47,2019,tired
2E8ziq8eQqwq1GhSjiS79y,0.379,0.657,8,-5.642,1,0.0373,6.71E-05,0.176,0.42,179.673,46,2020,tired
7HA6Jhuis4khuPJffFGM7Y,0.582,0.881,0,-5.75,1,0.0265,0.00229,0.441,0.854,104.01,49,2018,work
6a5f2v5IlyeEXQRn65MFdS,0.538,0.669,8,-5.14,1,0.039,0,0.0755,0.498,90.94,51,2020,work
7ip4DUtdpLH4TkHfKgFbpf,0.678,0.569,11,-9.101,1,0.0319,0,0.25,0.4,94.995,59,2021,work
1LOAgM7DIxdprmoaoo990N,0.697,0.356,9,-9.217,1,0.15,1.18E-05,0.127,0.601,66.995,53,2016,work
3sLTOt7ZMwEWEB7YdLaeZS,0.692,0.803,2,-6.563,1,0.0369,0,0.322,0.804,88.021,55,2020,work
7Im4VU4SWczGbNqzEfjlpe,0.728,0.674,7,-7.804,1,0.0264,0.00111,0.122,0.73,106.016,55,2014,work
6GDI4Y8fOsptYwSW2iIUbe,0.715,0.309,10,-11.412,1,0.0417,1.22E-06,0.101,0.651,93.006,62,2021,work
63VOJDNJ3a5dve74kzWVcF,0.638,0.193,9,-12.366,1,0.0357,0,0.316,0.55,140.118,53,2020,work
2XDCs8vAubxRe8mO1A0eTa,0.469,0.727,2,-7.484,1,0.0263,0.000918,0.27,0.341,176.011,45,2020,work
5NHUdpYUEHL8fDLmR1qFd8,0.556,0.569,4,-6.636,1,0.0291,1.12E-06,0.0834,0.507,170.084,56,2020,work
6yrxuUnWFv72Veb9jphPLL,0.523,0.615,6,-6.549,1,0.0398,0,0.145,0.534,162.059,49,2020,work
0CDL19uvOb8IsjFbLa1dXn,0.624,0.415,8,-9.984,1,0.0394,0,0.109,0.49,180.001,0,2012,work
4RH90C098o1YD0CLRRmWNB,0.486,0.526,4,-8.348,1,0.17,5.73E-05,0.139,0.547,199.837,49,2016,work
0bXoFpU60gcnq93Q5JvVm4,0.445,0.175,4,-12.634,1,0.0308,0.000327,0.108,0.386,144.142,50,2020,work
2vA7CHG08LDzeMDAuPnUQg,0.423,0.713,3,-5.021,1,0.0416,0,0.0884,0.471,170.087,58,2020,work
3YT5kZbKBzImTbwg9LrSWg,0.819,0.769,8,-6.348,0,0.0516,0,0.11,0.931,114.985,46,2008,work
6TyMLndAz0THhwDGvcPbsv,0.607,0.755,4,-5.121,1,0.0283,2.87E-06,0.258,0.519,102.081,43,2020,work
111VL3GT8ZaPhgNgnxzrOx,0.676,0.599,11,-7.617,0,0.0246,0,0.0504,0.629,103.975,49,2006,work
6MVbuOWvXHbPHtVwScK6M1,0.513,0.469,7,-8.166,1,0.0411,0,0.122,0.433,177.886,35,2020,work
2YRJ9Jp0RBHWEWoifpSowm,0.62,0.522,1,-7.993,1,0.0554,0,0.0968,0.406,146.033,44,2006,work
0vOepjj3QlgWsmuccCCDkT,0.638,0.362,4,-10.483,1,0.0409,0,0.0891,0.615,149.48,0,2019,work
337F0oNS6dZKb8UlkZgUkB,0.536,0.311,9,-8.327,1,0.0344,3.96E-06,0.101,0.322,132.141,42,2021,work
74PtlTojIueWYWwYyEsI09,0.724,0.729,4,-6.949,1,0.0373,1.18E-06,0.143,0.685,95.03,48,2020,work
5ndp5yVxoWbTSDRY1nAipf,0.822,0.678,0,-3.494,1,0.0341,2.94E-06,0.0975,0.535,83.497,44,2019,work
6R9YzJHkfYoN6PianPhTdB,0.574,0.592,0,-6.926,1,0.0386,0,0.127,0.387,131.841,58,2020,work
4DqaFHKqAsnBn9DfLWhRpW,0.601,0.673,11,-6.222,1,0.0292,3.69E-06,0.0885,0.743,95.98,55,2021,work
4YxaxRxi8lFZdAWS9nCmAn,0.556,0.579,7,-5.843,1,0.0251,0,0.11,0.391,159.885,57,2021,work
4N4VmSZhReQniqoakHBEvF,0.49,0.422,8,-7.775,1,0.0288,0,0.224,0.348,129.772,39,2012,work
0NtmQETo6rL2TNhNNXkeDk,0.478,0.595,7,-7.926,1,0.0318,2.06E-05,0.245,0.365,169.737,39,2017,work
4CTgPJbgNQ031q8HzhTtq2,0.552,0.796,5,-6.227,0,0.125,1.18E-06,0.22,0.697,172.128,60,2021,work
3y7wWYnla4CN0dhqUkvLER,0.67,0.51,7,-9.329,1,0.0277,2.70E-05,0.079,0.635,90.132,47,2014,work
2RWPiJ1wDnDoqZmPJNHpRC,0.527,0.387,9,-9.215,1,0.0319,0,0.0878,0.212,83.907,38,2018,work
3usWyH1du9AWTTxUIMOh79,0.532,0.667,6,-7.037,1,0.0323,1.44E-05,0.193,0.837,200.179,9,2008,work
3AoCPB8NMxZcxzXKswXfpY,0.469,0.513,11,-7.736,1,0.0308,0,0.12,0.648,182.001,47,2019,work
05WHgjtWx32x40VmFkLnOd,0.676,0.726,11,-4.953,0,0.0339,0,0.0459,0.734,116.985,51,2016,work
4Cg2XGrrrczeZRPOnlAG67,0.627,0.801,10,-4.208,1,0.0305,0,0.157,0.811,95.031,56,2020,work
2dsoBeIGilj8N0gXxa3yQN,0.675,0.398,7,-6.484,1,0.0265,6.95E-06,0.118,0.168,115.995,33,2019,work
1Wxbn0pT5mW1C3PVi9xcVU,0.533,0.342,6,-10.218,1,0.0285,0,0.104,0.294,127.877,38,2020,work
6F9yDb4e33URT8BaO3Gw6s,0.761,0.282,0,-13.825,1,0.0845,3.65E-05,0.136,0.398,95.965,43,2019,work
1Hv7SJqBPx07QIDMCCOqIW,0.654,0.686,0,-8.067,1,0.0445,1.73E-06,0.25,0.687,139.927,35,2020,work
5ZR88pRjOCwiWMIXOcUd5M,0.646,0.55,0,-12.445,1,0.0842,9.63E-06,0.163,0.55,171.966,38,2018,work
72hhTWu9CZwZan3iC3U3DS,0.839,0.431,11,-8.471,1,0.0475,0.000306,0.0709,0.794,103.015,46,2016,work
5kHLmBd3GTMIFhWdD3berA,0.707,0.72,11,-5.61,1,0.151,0,0.0767,0.905,99.987,46,2018,work
6z56u8jPSSroDFrJVD5cMf,0.556,0.749,4,-6.008,1,0.245,0,0.209,0.787,169.555,53,2016,work
0UdosedsHuO7pFUxOLJNDT,0.663,0.702,4,-6.95,0,0.255,0,0.0885,0.654,78.09,47,2021,work
6jxO5eRdBJa153LVGbXogp,0.732,0.522,2,-8.976,1,0.0297,0,0.0852,0.61,100.018,44,2011,work
0AGhwXsWpVOwjHY5yf4dtD,0.695,0.751,11,-5.242,0,0.154,0,0.0921,0.778,79.996,62,2020,work
5f2KxK16ijFLqMoqFN2qkK,0.688,0.509,1,-7.271,1,0.0352,0.00769,0.156,0.194,90.023,25,2020,work
0GTCONVjK4xrB0ZPT1CCNz,0.653,0.587,2,-7.01,1,0.0369,0,0.354,0.366,88.055,43,2018,work
4SeC84Av9mcpn7TZq3WWpv,0.518,0.316,7,-9.811,1,0.0324,0,0.0961,0.192,159.899,44,2019,work
7N1mCWyLnYXfi3AXagJCNo,0.557,0.295,5,-12.706,1,0.0355,0.00201,0.111,0.133,76.061,51,2012,work
2zq7H7SWQC9ldZy1f7e8kC,0.629,0.559,10,-6.289,1,0.0709,0,0.18,0.468,76.008,45,2019,work
6B9J6D1kpTNFACHRlYPduM,0.526,0.779,0,-6.163,1,0.0733,0.000564,0.083,0.668,180.062,42,1996,work
49upHYRmWInQj16vlrsDo9,0.441,0.595,1,-6.481,1,0.0314,0,0.123,0.492,160.006,39,2020,work
2SDga42k2ycE5oYplQkpVT,0.719,0.595,9,-7.928,1,0.234,0,0.369,0.625,133.83,29,2020,work
2oOp45xH2ZxYAj8DDWd3LR,0.779,0.477,5,-7.648,1,0.0569,0,0.145,0.33,88.111,37,2013,work
0MejzQMW0yfpwfZwIjNaAH,0.631,0.567,6,-8.274,1,0.0412,1.61E-05,0.366,0.329,77.016,53,2020,work
0ZbW2eMuQsdkE9TDvRuE8s,0.714,0.581,9,-6.949,1,0.0289,1.42E-06,0.0791,0.387,92.016,43,2019,work
7CRlckF4NRDERxicjyXmBm,0.732,0.595,0,-6.746,1,0.0238,0.000136,0.102,0.536,100.035,37,2021,work
0ROVfEs3hrAP0VOgDAIdd5,0.505,0.596,4,-7.027,1,0.041,0,0.261,0.335,167.517,50,2020,work
3LvoR9EjEFFG15Uf5sKQLR,0.514,0.701,6,-5.733,1,0.0435,0,0.108,0.434,148.08,40,2019,work
3ix6NDf1HbLpP8zdWhu7Q6,0.663,0.312,8,-10.7,1,0.0302,3.59E-05,0.122,0.317,125.987,46,2019,work
1cmU1HSgnNZ8UGyhPTvoue,0.599,0.459,7,-6.925,1,0.033,4.94E-06,0.118,0.36,129.348,49,2020,work
19CoWVqDyUbiqxoyMf4HkJ,0.579,0.538,4,-7.208,0,0.0356,0.00289,0.289,0.567,159.996,60,2020,work
00XqyOkSIiqOygR0kezc4x,0.7,0.479,3,-8.291,1,0.0315,2.16E-06,0.0938,0.22,139.955,50,2018,work
06DPpk0hUJEgpzl5cuWNI6,0.598,0.669,4,-5.506,1,0.0419,0,0.178,0.788,82.997,56,2016,work
4wMQc2rnzotbn1zAubyEHR,0.701,0.626,1,-7.359,1,0.0353,6.02E-06,0.0958,0.339,119.949,21,2019,work
1qkIG72UU08DBiLyCL3vLH,0.422,0.641,3,-6.53,1,0.0469,0,0.107,0.409,179.437,49,2020,work
20Ohzu0GyKAUJFPcnC57RR,0.386,0.825,8,-5.79,1,0.0698,0,0.169,0.202,173.947,41,2021,work
7mlxCVqgPu4cjdm1qJU59l,0.58,0.58,9,-8.188,1,0.0433,1.02E-05,0.293,0.628,151.803,45,2018,work
2hteglfTJmJmqac9pXz7rb,0.702,0.641,0,-5.853,1,0.173,0.00579,0.118,0.467,166.017,54,2021,work
4EgdU9qfAfHC8ZsGd7dnac,0.763,0.636,11,-4.815,1,0.0459,0.000214,0.166,0.65,92.022,46,2018,work
18vc5kxsNizmpHTTDT6r5J,0.729,0.565,3,-6.382,1,0.0393,0,0.104,0.712,95.146,0,2013,work
5lbRvKhdnxuB1NVZp1yH4s,0.693,0.796,6,-4.495,1,0.0371,0,0.225,0.702,141.932,47,2021,work
0gEewSHZqPiNQa9DqeeUXj,0.832,0.632,1,-6.982,1,0.0423,0,0.109,0.83,102.992,63,2021,work
6V7Og1rJdqxb8wOYeoejvJ,0.501,0.617,2,-8.391,1,0.0332,0,0.135,0.444,176.011,30,2009,work
5Kh1HU6V2jL3CZeMW3IDtW,0.659,0.577,1,-5.81,0,0.0385,0,0.167,0.676,137.846,48,2019,work
5y63Qnr10DFAqC6ZMzOkF4,0.513,0.585,10,-8.617,1,0.235,0,0.1,0.435,109.313,37,2021,work
5YB8Iu47yiSIObY7wbJWnZ,0.636,0.67,6,-5.309,1,0.0247,0,0.114,0.576,94.007,35,2019,work
71rZCPjOAU8WBlXYPHNgRu,0.736,0.585,9,-7.578,1,0.03,0,0.108,0.731,95.013,45,2014,work
46Sl1ZdGrMdbdKQ63loc6h,0.923,0.21,2,-10.794,1,0.11,0,0.086,0.479,107,41,2012,work
0FlZM6SFefxfXzX68IpVxb,0.601,0.599,7,-5.549,1,0.0373,0,0.153,0.577,67.998,0,2017,work
6DU8h3RxIL8sEg5ahRsI3X,0.626,0.87,10,-3.826,1,0.0277,2.81E-05,0.0961,0.838,97.46,0,2012,work
5SolgEp0EAXjruwQdszykB,0.771,0.777,1,-6.271,0,0.256,0,0.172,0.821,130.006,61,2021,work
1vMP3Ni4kGqTaXYRAHQ7iV,0.596,0.558,10,-6.85,1,0.0657,2.77E-06,0.186,0.304,79.851,40,2020,work
1M2XakpRDkxjiuCirVPD8c,0.756,0.677,0,-6.573,1,0.0295,4.50E-06,0.204,0.68,125.048,65,2021,work
2NKwqeVXxyu7stKt45vXI8,0.631,0.249,7,-9.063,1,0.032,0,0.127,0.369,112.035,35,2020,work
5UlSKEFiNHNFSye7CLpLPs,0.413,0.58,4,-7.501,1,0.0279,0.000611,0.308,0.164,175.932,50,2019,work
3U2vJ9B0vutk3kLqLGkvQn,0.858,0.472,11,-6.633,1,0.0408,0,0.34,0.813,96.063,45,2020,work
7lASn6bIrDOaGODj6k0vJ5,0.621,0.675,10,-4.691,1,0.0293,0,0.187,0.661,92.025,47,2020,work
3eAy5JisAJxlwAwL2JTNk3,0.766,0.868,9,-2.92,1,0.0633,0,0.0926,0.772,110.021,50,2020,work
2Dvx3VrvPu8rD13LAua1i7,0.405,0.748,3,-6.539,1,0.0305,2.91E-05,0.0581,0.227,179.969,53,2020,work
7sCktrDCoMaEvSFhyCMRrx,0.507,0.431,2,-8.227,1,0.047,1.38E-06,0.105,0.389,173.995,10,2020,work
15zvOBuL1QbkL7bvudg2p5,0.48,0.166,9,-18.08,1,0.0352,0.122,0.128,0.202,98.573,51,2019,work
6sBZo67My9ZlNsR3xND0mr,0.82,0.703,5,-5.546,1,0.035,0.000226,0.0841,0.73,118.044,44,2019,work
4OZjDh3pxthm3Ig9Fs7C7N,0.602,0.736,1,-6.23,0,0.0316,0.00243,0.115,0.71,117.068,49,2019,work
70gE5odAgYvmx0qB1bWDHz,0.786,0.569,0,-6.926,1,0.0389,0,0.179,0.801,94.021,56,2021,work
1omAPMClfzdHs8LnRt9rOI,0.668,0.496,1,-6.82,0,0.0462,2.70E-05,0.124,0.348,78.024,44,2021,work
7yls0YWUMiGDwyvGxTAl9v,0.725,0.204,8,-12.949,1,0.0358,1.22E-05,0.112,0.308,117.85,45,2016,work
7AQFhodzN09DtXGiIDtFrd,0.714,0.447,7,-5.698,1,0.208,0,0.0911,0.571,93.05,57,2021,work
07ZIrtR00m3t9AcmeRZ7vQ,0.388,0.66,8,-6.303,1,0.0289,4.09E-06,0.141,0.655,96.036,52,2015,missed
63VOJDNJ3a5dve74kzWVcF,0.638,0.193,9,-12.366,1,0.0357,0,0.316,0.55,140.118,53,2020,missed
7N1mCWyLnYXfi3AXagJCNo,0.557,0.295,5,-12.706,1,0.0355,0.00201,0.111,0.133,76.061,51,2012,missed
5f2KxK16ijFLqMoqFN2qkK,0.688,0.509,1,-7.271,1,0.0352,0.00769,0.156,0.194,90.023,25,2020,missed
2PzmnpdTBnmanKnnuMzOEf,0.399,0.578,4,-6.276,1,0.0346,0,0.407,0.213,158.086,46,2020,missed
5OB2XiDmrwQFJFyqVVWtLm,0.655,0.484,0,-6.839,1,0.0299,0,0.136,0.328,125.792,48,2020,missed
3ix6NDf1HbLpP8zdWhu7Q6,0.663,0.312,8,-10.7,1,0.0302,3.59E-05,0.122,0.317,125.987,46,2019,missed
1PnEuhdX2pFIQUAESQB4wm,0.496,0.603,7,-7.362,1,0.0358,3.23E-06,0.2,0.551,152.022,49,2020,missed
24VfUtHxbkCrscWC00toom,0.501,0.648,0,-5.771,1,0.0272,2.10E-06,0.0913,0.504,180.043,51,2015,missed
3If9VlKDZp8gbzuEyRY7fm,0.583,0.376,7,-8.462,1,0.0312,0,0.149,0.327,73.879,44,2020,missed
3bxGTdVHjBjlSOjRDH9a4f,0.519,0.475,10,-8.031,1,0.104,0,0.0998,0.365,129.957,48,2019,missed
0bXoFpU60gcnq93Q5JvVm4,0.445,0.175,4,-12.634,1,0.0308,0.000327,0.108,0.386,144.142,50,2020,missed
7tFrJ1JPTVmQKVU5XlGQdb,0.784,0.268,2,-14.39,1,0.0311,0.000555,0.111,0.569,91.998,52,2017,missed
7lASn6bIrDOaGODj6k0vJ5,0.621,0.675,10,-4.691,1,0.0293,0,0.187,0.661,92.025,47,2020,missed
5k8RfX1gS3KSNmpCiEP5aH,0.407,0.518,2,-8.139,1,0.0316,0,0.243,0.366,163.819,41,2019,missed
5AMYykC6sdveY7NfwHNUm4,0.533,0.725,8,-5.35,1,0.121,0,0.303,0.59,163.941,56,2020,missed
4X3iKvgA1qks0gsZ5Po2Hw,0.615,0.358,6,-8.111,1,0.0294,2.79E-05,0.103,0.308,75.011,42,2016,missed
0Q3RF9qFwUDYjcmrzSgm8R,0.623,0.417,2,-6.038,1,0.0321,1.87E-05,0.1,0.334,128,48,2020,missed
4Cg2XGrrrczeZRPOnlAG67,0.627,0.801,10,-4.208,1,0.0305,0,0.157,0.811,95.031,56,2020,missed
7K41SevJ4ihWtiOiF1eAak,0.579,0.563,9,-5.29,1,0.0259,8.99E-06,0.304,0.359,135.955,51,2016,missed
00XqyOkSIiqOygR0kezc4x,0.7,0.479,3,-8.291,1,0.0315,2.16E-06,0.0938,0.22,139.955,50,2018,missed
1psb8glAxDb4DYAwnOWzm3,0.634,0.48,9,-9.913,1,0.0472,4.76E-05,0.111,0.275,128.046,50,2018,missed
2E8ziq8eQqwq1GhSjiS79y,0.379,0.657,8,-5.642,1,0.0373,6.71E-05,0.176,0.42,179.673,46,2020,missed
1iK2nyld8wTLJv2dRIowSY,0.588,0.661,8,-5.831,1,0.141,0,0.0987,0.908,197.81,58,2020,missed
5lbRvKhdnxuB1NVZp1yH4s,0.693,0.796,6,-4.495,1,0.0371,0,0.225,0.702,141.932,47,2021,missed
1glL2xlOB9vcQPF5kj5Xia,0.372,0.317,1,-10.34,1,0.0346,0,0.0963,0.31,174.511,42,2019,missed
20r8bPumn1cybDcUEh2NPZ,0.422,0.712,9,-6.222,1,0.0336,0.00068,0.268,0.385,170.163,62,2021,missed
57M9uf17oi6wcCo3Opvg6W,0.692,0.529,0,-7.418,1,0.0419,0,0.322,0.38,81.972,46,2020,missed
6eAn3ifcCuuVDPwVhOyvDx,0.69,0.453,4,-9.802,1,0.153,0.0732,0.382,0.454,129.091,46,2020,missed
6BEk0hXRgCdtaAwxnn0dHi,0.691,0.665,1,-4.917,1,0.0246,1.36E-06,0.082,0.653,97.988,6,2019,missed
6T3awZdmxxF3j5ozSi8vqy,0.838,0.52,0,-5.587,1,0.0327,0.00844,0.115,0.647,95.969,43,2018,missed
7emvDBBg5edakNzqSvSfM5,0.738,0.433,8,-7.046,1,0.0425,4.78E-05,0.219,0.393,123.007,37,2020,missed
2pYyeofuOBq5Q44QywZLi1,0.638,0.631,5,-6.056,0,0.0287,2.51E-05,0.0709,0.193,85.005,37,2019,missed
7tN3BIyJRGJHgNKsRdbXgU,0.622,0.538,2,-5.915,1,0.0253,4.68E-05,0.0624,0.305,89.032,4,2020,missed
1h8WJ1UYHWAwRcXCeBZwiI,0.43,0.72,10,-6.332,1,0.0273,0,0.332,0.651,160.112,50,2021,missed
4KFD9uIhaU6XgeP4EGRQFb,0.648,0.576,9,-8.314,1,0.0698,0.000209,0.321,0.599,172.088,0,2019,missed
4MgNwTuiVe5bDW9Y95LvxT,0.68,0.729,8,-7.701,1,0.0275,8.12E-06,0.0923,0.566,110.007,23,2021,missed
2RWPiJ1wDnDoqZmPJNHpRC,0.527,0.387,9,-9.215,1,0.0319,0,0.0878,0.212,83.907,38,2018,missed
2hT18XXbbUSPuu8jRWzIhj,0.574,0.783,10,-4.953,1,0.0296,0,0.276,0.607,89.974,50,2021,missed
3armUxyNuJmexkQRA3hZSC,0.643,0.611,0,-7.634,1,0.0407,0,0.117,0.51,140.1,48,2021,missed
1DRrOTyNHfkOnrZZBo3I1k,0.462,0.564,5,-5.748,1,0.0428,1.02E-05,0.126,0.476,128.479,43,2008,missed
3d3CCP4dCB14uyQEuHwfG2,0.5,0.505,3,-7.785,1,0.0276,0,0.0978,0.143,120.015,39,2000,missed
6n7i8MjmJTdSORWfzEB1II,0.661,0.516,3,-7.491,1,0.0325,0.000471,0.142,0.587,158.066,30,2020,missed
0W7fQ5pTSmCARsxrgZ07BU,0.594,0.788,2,-5.415,1,0.0272,0,0.133,0.424,139.963,38,2018,missed
2m1NTBtSkDVRg2diTruoNV,0.552,0.62,0,-7.17,1,0.047,2.40E-06,0.171,0.68,78.022,0,2016,missed
1NLSBYqZMqD2LKZ4xym9qB,0.753,0.606,2,-6.402,1,0.0423,0,0.123,0.322,87.953,39,2020,missed
0JAkZ44a75QTFXXsB2c7Ol,0.511,0.811,5,-4.782,0,0.03,0,0.0639,0.57,95.942,47,2005,missed
5UlSKEFiNHNFSye7CLpLPs,0.413,0.58,4,-7.501,1,0.0279,0.000611,0.308,0.164,175.932,50,2019,missed
63b22ti1AAmGyAR1OpqUmi,0.694,0.415,4,-8.661,1,0.0281,3.44E-05,0.292,0.643,98.949,57,2021,missed
0AImXQjGCKbe4UnEdTDUmz,0.628,0.816,9,-6.162,1,0.111,1.19E-06,0.134,0.467,163.987,36,2020,missed
2SDga42k2ycE5oYplQkpVT,0.719,0.595,9,-7.928,1,0.234,0,0.369,0.625,133.83,29,2020,missed
7lQLlkBmHcDGJ2becWAUAa,0.626,0.756,0,-5.056,1,0.0334,0,0.115,0.637,91.99,42,2019,missed
6d3b5akoUqISvcGAdZwA7x,0.589,0.38,8,-7.074,1,0.0458,0,0.0881,0.584,183.821,43,2020,missed
7Fi43HjA5FTTCPOj2wai00,0.483,0.658,2,-6.721,1,0.0552,1.83E-05,0.12,0.235,167.886,44,2018,missed
1LDG6oNPVWerLLWp2ia78I,0.542,0.434,8,-9.396,1,0.0403,6.06E-05,0.0885,0.473,139.87,49,2021,missed
020unTPzG6aBzgYN0MN8sB,0.595,0.648,0,-7.394,1,0.0245,3.61E-06,0.0939,0.306,98.022,41,2015,missed
5twbyoR6cGxQi76xBpAyqA,0.644,0.601,6,-7.048,1,0.0348,0,0.139,0.427,92.995,24,2019,missed
2OcLapsi1yAmCfUQVbzqjc,0.48,0.574,9,-6.975,1,0.059,0,0.115,0.431,166.225,33,2020,missed
3KI1EjJjmbfFQbXIXikcNg,0.585,0.336,5,-9.378,1,0.0369,0,0.105,0.382,153.887,40,2021,missed
0tZgyChzWzFe5B9yWRWVHj,0.604,0.559,5,-8.932,1,0.0423,7.11E-05,0.204,0.627,140.064,42,2020,missed
5b7ahDq47e9StoRltT4YjT,0.613,0.518,0,-7.667,1,0.0341,0,0.239,0.321,136.155,33,2019,missed
41jjpmHzS1LLhhpaONRUMG,0.614,0.824,9,-4.911,1,0.0406,0,0.149,0.425,83.003,37,2020,missed
4OHu1M6xtQLkgTSao8nYS3,0.794,0.653,2,-8.258,1,0.118,0,0.0916,0.58,90.996,63,2021,missed
1HjzcGI3mGHv1eaFzZGBJM,0.475,0.357,8,-8.901,1,0.0276,8.67E-06,0.0933,0.237,153.702,32,2003,missed
5BRGZ2VioaKnYkchLEUhvr,0.595,0.518,8,-8.341,1,0.0577,0,0.0917,0.586,75.04,35,2021,missed
7ep4iTLdhD1rgadN9XPpbG,0.732,0.495,10,-9.519,1,0.0382,1.28E-05,0.0915,0.314,110.07,33,2013,missed
692Ch9apeq9cOvZ5FalzVB,0.584,0.471,10,-8.645,1,0.0771,7.40E-05,0.0933,0.435,77.801,50,2021,missed
0pbap8EiXcnuWeO4afiyQ7,0.503,0.622,8,-6.251,1,0.0385,0,0.111,0.558,143.997,36,2019,missed
1ICYt3XDg8Rq58D7Mv8Avj,0.428,0.753,1,-5.995,0,0.0457,1.08E-05,0.37,0.387,185.69,49,2020,missed
06BC4it755N5WnqjAE0R51,0.458,0.729,1,-7.713,0,0.0453,0.00188,0.132,0.595,171.91,25,2018,missed
0ILlHdNbG6Nrf1wV2sE1Cy,0.649,0.633,5,-5.183,0,0.024,0,0.0803,0.607,97.47,36,2005,missed
0AQkjLgo2ATGnv8EO2xKyJ,0.729,0.766,6,-5.697,1,0.049,0,0.337,0.955,120.036,63,2021,missed
0ieHm5SkJX190W1e5HdcvC,0.56,0.581,8,-9.469,1,0.0344,0,0.153,0.436,140.009,0,2005,missed
4zerop72z1z9Od9e2eAgxE,0.58,0.398,0,-10.422,1,0.0322,0,0.119,0.176,133.875,23,2020,missed
3o5FB7uyNadcadhKe3GP32,0.673,0.703,7,-7.878,1,0.033,0,0.194,0.632,92.021,8,2009,missed
0u1N8cTpd6viuwL8SxNIjd,0.461,0.653,9,-4.866,1,0.0335,0,0.089,0.367,159.977,42,2004,missed
4XwJ7O8RGVrKAdmEhYs8kZ,0.562,0.497,8,-7.974,1,0.0322,0,0.11,0.221,82.1,8,2008,missed
0rbMlnx7LTLJG5I3im2Wib,0.775,0.392,6,-8.897,1,0.0575,0,0.105,0.335,124.952,0,2020,missed
66t4DQjeDsDUmA1WxKgnLU,0.44,0.74,1,-5.375,1,0.0278,6.43E-06,0.273,0.293,100.076,47,2019,missed
2vEkf14cozEBFLnBDfynY9,0.712,0.62,4,-7.967,1,0.122,0,0.308,0.681,87.941,42,2019,missed
3wLK1KawaZClmVNyEsnIJF,0.515,0.576,7,-6.654,1,0.0354,0,0.325,0.444,180.021,44,2015,missed
7kyGGU5rab8CE9Vu9zKwC9,0.446,0.39,7,-8.68,1,0.0271,1.27E-06,0.152,0.515,147.607,24,2018,missed
438m0u7h7miwjCdCdDCl9W,0.324,0.222,10,-10.322,1,0.0351,0.0518,0.134,0.187,76.975,49,2019,missed
2d0fVk9SD8Ad0Njn8RSdsM,0.632,0.554,11,-9.756,0,0.0648,0,0.118,0.429,72.986,0,2017,missed
5SolgEp0EAXjruwQdszykB,0.771,0.777,1,-6.271,0,0.256,0,0.172,0.821,130.006,61,2021,missed
3oFg6mT1M5Qv8jDKw7zDYE,0.568,0.525,2,-7.375,1,0.0506,0,0.263,0.207,145.839,22,2020,missed
39TrXFs2mDHCPlGpfTrOX3,0.467,0.639,10,-6.594,1,0.0355,2.44E-05,0.109,0.258,123.907,43,2019,missed
4vI3jw8Fi8fDH0gGWzttGt,0.617,0.461,3,-8.122,1,0.0299,0,0.161,0.641,74.984,37,2019,missed
1jiODYTuaDs79iafD4Oiqw,0.541,0.674,11,-7.496,1,0.0291,0,0.105,0.491,136.027,36,2020,missed
3UGM5ih3RBetBZAEbj60Ua,0.781,0.515,4,-7.427,1,0.0278,0.000167,0.0961,0.419,103.991,25,2020,missed
0fSl800MbFmlLs1aUxx7Z2,0.404,0.518,5,-7.159,1,0.0309,0,0.116,0.15,177.956,46,2017,missed
74wt2VKhAGSyrhMfImV4kX,0.652,0.459,11,-9.867,1,0.0566,0,0.116,0.477,92.018,6,2019,missed
3HYenXoOOIGDKWGOY8h9Tj,0.511,0.627,8,-8.095,1,0.0586,7.31E-05,0.175,0.24,78.911,15,2020,missed
0OBPjif46Jbz7c4xIqiBEw,0.573,0.8,5,-4.954,1,0.0443,0,0.185,0.617,138.041,47,2019,missed
5dHtyscmbuz6ziCcem433C,0.39,0.324,2,-8.484,1,0.0305,0,0.116,0.363,144.259,0,2014,missed
6GWxyilMge5tlHylX0KjSS,0.56,0.771,5,-4.741,1,0.0289,0,0.156,0.492,84.02,40,2019,missed
3aCbKc17bw1fREAaSiXnUy,0.402,0.387,8,-8.698,1,0.115,5.06E-06,0.28,0.456,177.701,6,2021,missed
23YBxleG28N592GInf61Bm,0.495,0.679,8,-6.069,1,0.0291,0,0.141,0.37,153.634,40,2021,missed
1SPtyVGzNcyGOFMvD8x5ZJ,0.668,0.783,4,-3.375,1,0.0382,0.00063,0.116,0.388,100.047,36,2019,missed
0xBShp4NOIh5ChC55Xj0zz,0.6,0.666,6,-8.402,1,0.0436,2.45E-06,0.0891,0.507,76.031,41,2018,missed
6GDI4Y8fOsptYwSW2iIUbe,0.715,0.309,10,-11.412,1,0.0417,1.22E-06,0.101,0.651,93.006,62,2021,discourage
3sLTOt7ZMwEWEB7YdLaeZS,0.692,0.803,2,-6.563,1,0.0369,0,0.322,0.804,88.021,55,2020,discourage
19KNYtZF0xP7VCIItvGSJZ,0.793,0.578,5,-4.607,1,0.0478,0,0.136,0.673,109.949,65,2021,discourage
5ndp5yVxoWbTSDRY1nAipf,0.822,0.678,0,-3.494,1,0.0341,2.94E-06,0.0975,0.535,83.497,44,2019,discourage
0FQuyJ6MTsvGcXQur2EPgk,0.562,0.825,9,-5.59,1,0.0418,0,0.106,0.569,95.969,56,2021,discourage
1tWZyCOSLgmEZokddNPMdc,0.739,0.28,7,-12.888,1,0.0436,0,0.353,0.562,123.979,29,2021,discourage
5gs22wGooGBKXRfxpLkkFL,0.457,0.665,6,-5.931,0,0.0314,0.00411,0.169,0.352,89.983,41,2015,discourage
5l3HFThm3Xlv8c9mmiTUgT,0.764,0.438,0,-8.651,1,0.0748,0,0.103,0.72,89.993,62,2021,discourage
4YxaxRxi8lFZdAWS9nCmAn,0.556,0.579,7,-5.843,1,0.0251,0,0.11,0.391,159.885,57,2021,discourage
5aD1sd7XrCAuqXxwbclmve,0.487,0.762,7,-7.004,1,0.053,0,0.118,0.353,154.033,33,2018,discourage
05WHgjtWx32x40VmFkLnOd,0.676,0.726,11,-4.953,0,0.0339,0,0.0459,0.734,116.985,51,2016,discourage
7HA6Jhuis4khuPJffFGM7Y,0.582,0.881,0,-5.75,1,0.0265,0.00229,0.441,0.854,104.01,49,2018,discourage
6Ysl4oCiALsVOAhWikYDzz,0.677,0.664,9,-4.486,1,0.0417,0,0.271,0.566,92.978,45,2020,discourage
0Qk8RUwooCGKghG9yClG3O,0.692,0.436,2,-7.375,1,0.0279,0,0.108,0.43,90.007,58,2021,discourage
0MejzQMW0yfpwfZwIjNaAH,0.631,0.567,6,-8.274,1,0.0412,1.61E-05,0.366,0.329,77.016,53,2020,discourage
5Kh1HU6V2jL3CZeMW3IDtW,0.659,0.577,1,-5.81,0,0.0385,0,0.167,0.676,137.846,48,2019,discourage
1ecud9LC1clhcuhjLIyyMB,0.504,0.538,0,-8.745,1,0.0255,0.0141,0.116,0.138,136.006,63,2020,discourage
2hteglfTJmJmqac9pXz7rb,0.702,0.641,0,-5.853,1,0.173,0.00579,0.118,0.467,166.017,54,2021,discourage
5SolgEp0EAXjruwQdszykB,0.771,0.777,1,-6.271,0,0.256,0,0.172,0.821,130.006,61,2021,discourage
70gE5odAgYvmx0qB1bWDHz,0.786,0.569,0,-6.926,1,0.0389,0,0.179,0.801,94.021,56,2021,discourage
7ip4DUtdpLH4TkHfKgFbpf,0.678,0.569,11,-9.101,1,0.0319,0,0.25,0.4,94.995,59,2021,discourage
5MZwRe4ZpXTuhpM8hhhsv8,0.757,0.657,1,-5.462,1,0.0349,0,0.0886,0.891,100.005,50,2021,discourage
5bvgLLWn7IFu6mOa46XaoV,0.727,0.425,2,-11.781,1,0.0425,8.33E-05,0.368,0.487,95.045,55,2019,discourage
3y7wWYnla4CN0dhqUkvLER,0.67,0.51,7,-9.329,1,0.0277,2.70E-05,0.079,0.635,90.132,47,2014,discourage
4DqaFHKqAsnBn9DfLWhRpW,0.601,0.673,11,-6.222,1,0.0292,3.69E-06,0.0885,0.743,95.98,55,2021,discourage
06DPpk0hUJEgpzl5cuWNI6,0.598,0.669,4,-5.506,1,0.0419,0,0.178,0.788,82.997,56,2016,discourage
0JStm1Ns9Ya2zQhbqMDYEU,0.625,0.77,10,-5.333,1,0.0299,0,0.149,0.817,95.026,52,2020,discourage
7bGHqvrVt7uUDewPswlmlO,0.604,0.652,1,-7.912,0,0.188,0,0.151,0.759,169.877,43,2013,discourage
3zc9UfgETcTMGiazW58Klg,0.473,0.848,4,-4.061,1,0.0296,0,0.0991,0.396,160.012,51,2014,discourage
3EMXuZ7n0lgQSNSsVk5d3n,0.638,0.677,5,-5.094,1,0.0604,0,0.263,0.535,140.003,53,2020,discourage
6IitkM7xiuKhDXzshXUnRa,0.536,0.767,0,-5.886,1,0.0331,0,0.408,0.752,94.014,46,2020,discourage
3RAiJTMHBwtMJgoRWMjFaJ,0.499,0.237,11,-15.426,1,0.0344,0.000139,0.0797,0.0752,124.07,0,2003,discourage
4PXdOchDL7aUZghQobIlhX,0.705,0.746,1,-5.03,1,0.0416,2.01E-05,0.194,0.539,99.993,50,2016,discourage
1zX4JRQpUlQSHwccLL6pJN,0.654,0.617,10,-7.17,1,0.022,3.32E-05,0.211,0.564,99.999,47,2015,discourage
337F0oNS6dZKb8UlkZgUkB,0.536,0.311,9,-8.327,1,0.0344,3.96E-06,0.101,0.322,132.141,42,2021,discourage
68nxeiD1JkVRJNYF8CRIdt,0.828,0.347,5,-8.579,1,0.0468,0,0.146,0.511,90.966,25,2020,discourage
6ezEwX2eZRZlioqYaUPOKX,0.701,0.488,9,-9.948,1,0.0258,1.11E-06,0.15,0.625,96.989,53,2013,discourage
3eAy5JisAJxlwAwL2JTNk3,0.766,0.868,9,-2.92,1,0.0633,0,0.0926,0.772,110.021,50,2020,discourage
5CyYkeczaCPesQQMICCbmp,0.779,0.613,10,-7.207,1,0.0301,0,0.0954,0.682,102.013,44,2020,discourage
0gcOtNPVzxT38qdH0GadJz,0.593,0.486,4,-7.514,1,0.0453,0.000121,0.133,0.494,137.985,44,2020,discourage
1ouhec3dkguVevVmcTIFtC,0.758,0.764,7,-4.587,1,0.0451,0,0.106,0.667,98.025,31,2019,discourage
0wrfJDT9C1MIJ7T8iPAmZH,0.462,0.515,7,-7.081,1,0.0398,3.60E-06,0.106,0.279,175.714,9,2020,discourage
5AMYykC6sdveY7NfwHNUm4,0.533,0.725,8,-5.35,1,0.121,0,0.303,0.59,163.941,56,2020,discourage
1nenRWbemVvsxnxg296eFB,0.808,0.602,0,-7.205,1,0.194,0,0.208,0.851,90.013,54,2021,discourage
3T7yxdyservWNhYTmmkLee,0.636,0.744,11,-4.844,1,0.0587,6.76E-06,0.0952,0.733,134.967,39,2020,discourage
0HQzStvBO6VfZdHXThZsFH,0.689,0.499,9,-7.029,1,0.069,0,0.285,0.413,140.009,52,2020,discourage
6MjLHdROTcaU22k7B6gxR6,0.614,0.528,10,-7.693,1,0.0346,0,0.105,0.46,132.075,63,2021,discourage
7JC59jSvjSbJ2MszeV6fBs,0.675,0.711,0,-6.284,1,0.0419,0,0.388,0.493,128.963,49,2021,discourage
2Dvx3VrvPu8rD13LAua1i7,0.405,0.748,3,-6.539,1,0.0305,2.91E-05,0.0581,0.227,179.969,53,2020,discourage
5QBxjkHToaDg3fK5g8gJ9n,0.526,0.741,9,-3.621,1,0.0293,0,0.153,0.704,93.008,42,2018,discourage
68qmXphVfLhXI6iRyavCLY,0.653,0.642,7,-7.842,0,0.039,2.11E-05,0.183,0.727,120.023,47,2017,discourage
6NZWbrgkY1CRoKkgYnJleV,0.692,0.578,9,-7.804,1,0.128,0,0.365,0.507,89.879,39,2019,discourage
50cbC9nGt3GW2VVjRmECUP,0.818,0.37,10,-12.321,1,0.0292,0,0.069,0.659,101.99,34,2021,discourage
3yvFsWmDBSSaSAijhAYFNi,0.608,0.705,9,-3.65,1,0.0376,0,0.301,0.574,158.03,43,2010,discourage
6R9YzJHkfYoN6PianPhTdB,0.574,0.592,0,-6.926,1,0.0386,0,0.127,0.387,131.841,58,2020,discourage
7K41SevJ4ihWtiOiF1eAak,0.579,0.563,9,-5.29,1,0.0259,8.99E-06,0.304,0.359,135.955,51,2016,discourage
0AGhwXsWpVOwjHY5yf4dtD,0.695,0.751,11,-5.242,0,0.154,0,0.0921,0.778,79.996,62,2020,discourage
1M2XakpRDkxjiuCirVPD8c,0.756,0.677,0,-6.573,1,0.0295,4.50E-06,0.204,0.68,125.048,65,2021,discourage
5kHLmBd3GTMIFhWdD3berA,0.707,0.72,11,-5.61,1,0.151,0,0.0767,0.905,99.987,46,2018,discourage
7AQFhodzN09DtXGiIDtFrd,0.714,0.447,7,-5.698,1,0.208,0,0.0911,0.571,93.05,57,2021,discourage
7413pRAfTuQPXaaJH2TGaX,0.615,0.576,4,-5.22,1,0.0411,0,0.183,0.591,131.866,40,2008,discourage
6uOOFTZTVyizfawNYB3lY5,0.783,0.717,8,-4.756,1,0.0388,0,0.0887,0.71,109.026,30,2013,discourage
6ECA62paAwhtRjVZmFgycG,0.839,0.56,8,-5.235,1,0.0363,0,0.1,0.924,130.009,0,2007,discourage
2pB3TJsSleiRiL0NP6rtCw,0.457,0.856,4,-6.03,1,0.0365,0,0.188,0.714,164.032,49,2021,discourage
7exaQMs3ypxc1b6b5naw5O,0.563,0.674,2,-6.608,1,0.147,0,0.108,0.724,172.018,0,2020,discourage
04BVwXNoTsEKZmj14Vm5HM,0.532,0.422,7,-9.456,1,0.0837,0,0.0762,0.581,182.063,43,2021,discourage
0gEewSHZqPiNQa9DqeeUXj,0.832,0.632,1,-6.982,1,0.0423,0,0.109,0.83,102.992,63,2021,discourage
1RVYucT3tc32YzRDsP30t3,0.683,0.591,1,-7.742,1,0.0282,0.0213,0.124,0.606,119.919,58,2021,discourage
2YZHPKXhnlO2noC4N4yFU5,0.635,0.345,5,-6.662,1,0.0286,5.72E-05,0.136,0.239,75.983,44,2004,discourage
6oHypr7ZV6yHvOqVdoyxq1,0.513,0.673,3,-2.81,1,0.0278,0,0.18,0.576,172.006,0,2005,discourage
1H5J12MhFZUNMHIRJWaNXu,0.58,0.748,6,-6.798,0,0.0424,0.000144,0.217,0.812,84.973,40,2019,discourage
4TplkYlYzoeUHlLDY9VUMP,0.661,0.705,9,-6.966,1,0.0319,1.51E-06,0.313,0.633,124.054,0,2009,discourage
00XqyOkSIiqOygR0kezc4x,0.7,0.479,3,-8.291,1,0.0315,2.16E-06,0.0938,0.22,139.955,50,2018,discourage
65IcUvBV8gWOPZXL69ozaL,0.714,0.58,6,-7.228,0,0.0546,0,0.0923,0.665,140.024,31,2021,discourage
3baQivKfVXfzLERd3Zb4tw,0.674,0.4,6,-8.487,0,0.0377,1.01E-05,0.219,0.74,169.76,45,2021,discourage
33diPovBu4Vxw4k83wrKmB,0.49,0.46,7,-8.86,1,0.0797,2.66E-05,0.33,0.275,67.879,43,2018,discourage
4qne7gh7RVj4pCSsm5JeQH,0.924,0.476,1,-7.624,1,0.0849,3.42E-05,0.113,0.693,110.104,31,2021,discourage
5XjOmBtIJZRtRajPz5ZBKN,0.712,0.446,9,-11.173,1,0.0365,0,0.106,0.191,119.962,14,2021,discourage
74PtlTojIueWYWwYyEsI09,0.724,0.729,4,-6.949,1,0.0373,1.18E-06,0.143,0.685,95.03,48,2020,discourage
1h8WJ1UYHWAwRcXCeBZwiI,0.43,0.72,10,-6.332,1,0.0273,0,0.332,0.651,160.112,50,2021,discourage
02ILnpL8IvIa9IQX7sSO9I,0.584,0.588,0,-7.107,1,0.0324,0,0.16,0.42,137.975,0,2016,discourage
1A9I1bdZX61vE5cTaNOz2x,0.541,0.774,10,-5.725,1,0.249,0,0.086,0.69,179.966,46,2019,discourage
1HfQcqDwV3UASZUOpMp9A9,0.663,0.829,10,-5.68,0,0.0455,2.37E-06,0.0694,0.712,111.993,38,2010,discourage
5aOoz8smJ8Fm1qJZo4VSXn,0.724,0.638,7,-4.036,0,0.0281,0,0.227,0.348,116.002,31,2015,discourage
4GGNl8jiANylTJj4hfzqP7,0.803,0.573,10,-6.963,1,0.0905,0,0.0893,0.587,94.986,60,2020,discourage
5UpKMuECD77JdbbeXGa8K7,0.689,0.391,0,-10.167,1,0.0377,0,0.0885,0.765,100.03,44,2019,discourage
1PGNDa8dIRkOQ6VLvNHRdw,0.711,0.499,1,-9.584,1,0.0404,0.00357,0.17,0.244,119.894,46,2018,discourage
5WWnuCoxm1YcKQqhzjXZg8,0.777,0.391,3,-10.326,1,0.0622,0.00188,0.353,0.579,130.022,44,2019,discourage
5JoSLllHkOdE56kpHU4fi6,0.632,0.499,2,-6.329,1,0.0258,0,0.128,0.282,146.02,50,2002,discourage
1wy4wcHsGYKI68BmtpDsnX,0.807,0.621,3,-5.848,1,0.0546,4.23E-06,0.0958,0.523,90.003,38,2021,discourage
6e4WxtAFTdXmxrPijz8BTf,0.584,0.64,2,-7.869,1,0.192,0,0.111,0.533,76.728,32,2018,discourage
6Epjie3jjLyLTD2I9e6qdT,0.659,0.583,0,-9.607,0,0.252,0,0.1,0.446,161.888,28,2019,discourage
3oAsmJfKeZHuouJIxRwb1g,0.657,0.809,6,-5.101,0,0.0331,2.19E-06,0.146,0.726,95.97,45,2016,discourage
7fsAeKblrqRnIvY7kKSsve,0.823,0.437,5,-11.275,1,0.0688,3.02E-05,0.114,0.534,108.976,46,2019,discourage
7yhjp4qvM0qWOfRIm5VOSP,0.777,0.703,10,-5.614,1,0.161,3.01E-06,0.185,0.752,159.966,39,2019,discourage
2yLLLfjPftVV5mHpxznxWw,0.55,0.613,7,-9.485,1,0.0336,1.09E-06,0.115,0.414,177.863,23,2021,discourage
6tkhy9Be0jO98dyeJtlX8s,0.877,0.695,3,-7.009,1,0.124,0.000231,0.0935,0.603,112.059,53,2021,discourage
3vHBUQCDBCH7ISEyMslCZt,0.651,0.545,10,-7.523,0,0.0282,0,0.174,0.599,143.995,0,2019,discourage
3IPtnAYykrWz9EPjPWx2D7,0.8,0.539,9,-7.079,1,0.0698,0,0.115,0.432,92.977,54,2020,discourage
0mt8i1U8mZsptqKxEc4ScO,0.69,0.634,5,-5.689,1,0.0376,0,0.119,0.451,89.959,50,2021,discourage
0JsrgKbvRPJVGieuKP3luQ,0.594,0.705,7,-6.416,1,0.026,2.71E-05,0.407,0.858,107.686,44,1990,lovesong
2uVDxOfcP5JtspJ3YZAPBy,0.427,0.441,6,-11.744,1,0.035,0.057,0.306,0.333,143.996,40,2014,lovesong
0iYkTEUhSkfzyRWOu98Lj7,0.539,0.485,4,-6.809,1,0.0251,4.02E-05,0.0655,0.323,72.427,41,1999,lovesong
1PpKRuyNMgJN284DmBQSRn,0.784,0.633,2,-4.62,1,0.0322,0,0.1,0.508,100.032,42,1986,lovesong
66aCdSMkAV82BgrdRYKE2W,0.681,0.552,4,-7.261,1,0.0251,0.02,0.11,0.634,114.327,36,1986,lovesong
4aqDmgbYDibefToX4GoyJ5,0.868,0.693,0,-6.295,1,0.0328,0,0.175,0.961,113.664,37,2004,lovesong
2VdurzMwEreDVD0QumBtuv,0.735,0.676,7,-8.988,1,0.0278,0.0172,0.0842,0.616,118.208,34,2013,lovesong
4X8QjxXDiOGYbmH9zi6XYb,0.62,0.214,10,-14.417,1,0.0268,0.00424,0.0975,0.193,82.235,35,1993,lovesong
3ItLXQ6yOuGxShlypeRJHU,0.624,0.648,9,-6.06,1,0.0291,0,0.123,0.375,99.414,33,1996,lovesong
6Zp2VDWYi4rv6QdHNpWXQo,0.774,0.524,1,-9.142,0,0.0283,7.70E-06,0.0556,0.751,114.758,34,2006,lovesong
2hQIg5d8whuvhSAPCk4sYg,0.519,0.468,10,-7.066,1,0.0257,0.00281,0.086,0.304,87.512,4,2016,lovesong
00aQ8DApbIHUVj32N5nuME,0.617,0.305,4,-9.531,1,0.0258,1.00E-06,0.196,0.193,140.71,34,1988,lovesong
5gEDVRgPGlrYmi4KRP154V,0.707,0.603,7,-9.533,1,0.0267,1.23E-06,0.098,0.756,119.995,38,1990,lovesong
0emrrMUx4EwpyBuyOQKXR9,0.451,0.48,11,-6.383,1,0.026,7.88E-06,0.123,0.328,157.901,38,2009,lovesong
6Y0A36T33B1nFfhBoPY6SH,0.631,0.294,10,-13.113,1,0.0292,0.00036,0.126,0.254,135.41,35,1987,lovesong
2abpokAq5ahV7wDLRRq31k,0.686,0.455,10,-7.707,1,0.0347,0.00905,0.0822,0.383,186.303,40,1986,lovesong
77WGRZS98tNnvyjQi5Wggj,0.385,0.662,9,-7.017,1,0.0365,0,0.218,0.661,200.745,33,1988,lovesong
03oe6tTJwIXZDji08aKfzC,0.614,0.424,9,-9.461,0,0.0271,5.36E-06,0.132,0.133,127.889,37,2001,lovesong
2fR2xHVEQ3ZvWMqTMg67Ga,0.591,0.544,7,-7.234,1,0.0254,0,0.0863,0.297,75.051,37,1989,lovesong
2QKHMInF9D8MB9KWNFvRAy,0.89,0.486,5,-13.336,1,0.0344,0,0.134,0.938,106.116,35,2014,lovesong
0QXyr5bpfE6fW3affSYYM6,0.616,0.4,4,-10.324,1,0.0241,0,0.127,0.196,139.414,27,2010,lovesong
4NRGiVJgJDhnqnHr0z6Fal,0.673,0.668,2,-5.64,1,0.0302,0,0.0801,0.287,131.673,39,1992,lovesong
3YG9OdXpyWeZy0nPDDuwji,0.598,0.438,2,-10.148,1,0.0434,0,0.131,0.492,191.421,37,1990,lovesong
4rFkX2TnN0fMhgF04fTnrP,0.649,0.386,3,-13.092,1,0.0287,0,0.135,0.308,109.941,38,2001,lovesong
0BgdNe1BiMAF3F9qI0w5uN,0.278,0.419,0,-7.338,1,0.0287,0.678,0.144,0.253,151.195,2,2016,lovesong
6dcKIbnpi1CmMXUbrrXPUx,0.556,0.462,0,-6.259,1,0.0249,0,0.134,0.512,80.154,38,1987,lovesong
7ktMsKo8anRMEgpRr8sysO,0.537,0.42,9,-10.474,1,0.0319,0.00143,0.159,0.293,81.418,37,1984,lovesong
5uRCmu32Qq1HEuHH3vbgYv,0.636,0.581,0,-8.097,1,0.0389,0,0.0628,0.694,200.523,30,2011,lovesong
7ngKCykX4SFgGBovzJqcsL,0.636,0.512,3,-6.769,0,0.024,1.15E-06,0.106,0.494,104.759,34,1992,lovesong
5wF2uFyrzPuPHxkApqXH7N,0.713,0.676,2,-7.593,1,0.0244,3.59E-06,0.0847,0.657,95.955,36,2006,lovesong
2XrR0L0spfQutvZmLBLLZj,0.405,0.39,8,-11.649,1,0.0397,1.75E-06,0.155,0.446,70.013,33,1992,lovesong
1qBeUGxG0pBXWoCoHiCCVy,0.591,0.497,2,-10.265,0,0.0282,1.53E-05,0.558,0.459,103.102,34,1984,lovesong
7wiTAFNpdZYo3BMGXGJGpE,0.509,0.712,7,-4.705,1,0.0321,3.76E-05,0.0644,0.481,144.933,30,2013,lovesong
1vijccU9hgKdTL8BC3MWJc,0.554,0.599,3,-11.182,1,0.0505,0.0013,0.0731,0.748,157.55,36,2016,lovesong
0mIfSrJHrZ1HBiZTqgxLfz,0.511,0.338,1,-8.666,1,0.0327,0,0.125,0.38,169.85,38,2009,lovesong
5guQy1tfL22IRLFs2fNzwI,0.41,0.43,5,-8.595,0,0.0331,0,0.077,0.31,162.003,27,1991,lovesong
7Ka8s2TXM1duYln3pblNpA,0.73,0.569,0,-6.679,1,0.0274,0.000264,0.162,0.883,140.698,39,1986,lovesong
6ZXev6yi1TxBnLBcBajQls,0.646,0.317,0,-15.042,1,0.0254,0.0128,0.11,0.34,87.934,32,2014,lovesong
1ACWtqpKQY2mtIS46b354a,0.474,0.156,0,-15.26,1,0.0323,1.86E-06,0.0871,0.153,153.51,32,2015,lovesong
1XTeXknVJWkJjYS8I1btWv,0.732,0.385,2,-10.079,1,0.0264,0.00103,0.0538,0.256,85.991,34,2006,lovesong
6JinT0hgSLnsCCHKrzVkHB,0.402,0.255,0,-13.208,0,0.0302,0.0493,0.258,0.279,161.233,38,1989,lovesong
5T5YlY74jZuZVwWgFoNGJT,0.596,0.419,2,-10.827,1,0.0227,0,0.117,0.521,97.953,29,2013,lovesong
6lvwRGPWO3V5NlBnKCN3J6,0.628,0.377,7,-10.077,0,0.0302,2.88E-06,0.104,0.295,142.663,34,2019,lovesong
7M6E6P09q4yx4W16qmtQn3,0.702,0.694,0,-7.306,1,0.0243,0.579,0.27,0.905,129.99,38,2014,lovesong
62q57hwd02lPNgqvzsfBeP,0.706,0.655,11,-7.668,0,0.044,0,0.0993,0.564,114.018,30,2006,lovesong
2wgf1L4Rpm922ooNkvxEBI,0.782,0.606,9,-11.764,1,0.0429,0,0.206,0.627,124.063,25,2010,lovesong
4MnjJ8vzq5GD3b7LGrwsyc,0.655,0.352,11,-14.298,1,0.0266,0.00208,0.287,0.734,104.95,28,2013,lovesong
2JTFkwBHlkn8EhtFPu6C4M,0.525,0.34,5,-10.496,1,0.0257,0.116,0.167,0.313,91.544,31,1988,lovesong
7lVbfmSb2Fb8FcNOwbOj8E,0.651,0.526,4,-4.835,1,0.0243,2.00E-06,0.197,0.352,85.442,33,2013,lovesong
064PZjNixS8qWFacclNpCk,0.501,0.374,2,-10.964,1,0.0331,0,0.246,0.387,111.003,38,2014,lovesong
6rHNB930Dk4UqOc7ggt1ga,0.456,0.691,11,-4.978,0,0.0296,0.000132,0.103,0.528,177.62,31,2013,lovesong
35QWA4EAm1BQj1y4JMUt73,0.59,0.535,10,-5.619,1,0.0245,1.74E-05,0.142,0.161,78.109,33,2009,lovesong
21PN2AZ4ciQ3CKRLKU4My6,0.611,0.271,2,-13.911,1,0.0293,0.00783,0.161,0.308,81.43,35,1986,lovesong
7c7jQjtc2JfUrIcidpCgfa,0.642,0.633,7,-9.504,1,0.0255,3.79E-06,0.307,0.832,79.71,27,2010,lovesong
0JI2Hz3jk9jdwUD7bjkekc,0.72,0.805,2,-4.127,1,0.0276,0,0.14,0.625,129.049,36,1987,lovesong
6h7NykuWAy2RxXb6eJ64Au,0.541,0.391,10,-11.898,1,0.0295,0.00177,0.149,0.452,176.719,26,2013,lovesong
5OmrHxWDP6lkOAKawmIviM,0.621,0.538,9,-11.431,0,0.0425,0.000271,0.115,0.69,128.837,32,1984,lovesong
1biFOMXUQrDyhyZzeLB2ZU,0.59,0.725,8,-4.592,1,0.0292,5.14E-06,0.355,0.413,113.959,32,2013,lovesong
6LlXDFFePWi7XyDPubwKo7,0.666,0.488,0,-7.904,1,0.0288,9.28E-06,0.208,0.327,74.089,29,2011,lovesong
4PIGlSiP8spm9FBQpMMjmr,0.464,0.3,9,-14.071,1,0.026,4.32E-05,0.327,0.207,78.942,27,1984,lovesong
6yrxuUnWFv72Veb9jphPLL,0.523,0.615,6,-6.549,1,0.0398,0,0.145,0.534,162.059,49,2020,cry
3AoCPB8NMxZcxzXKswXfpY,0.469,0.513,11,-7.736,1,0.0308,0,0.12,0.648,182.001,47,2019,cry
5NHUdpYUEHL8fDLmR1qFd8,0.556,0.569,4,-6.636,1,0.0291,1.12E-06,0.0834,0.507,170.084,56,2020,cry
1E0waZD9GmD0SkbEhk19J4,0.55,0.794,2,-5.02,1,0.0447,1.27E-05,0.109,0.608,163.9,55,2020,cry
3ix6NDf1HbLpP8zdWhu7Q6,0.663,0.312,8,-10.7,1,0.0302,3.59E-05,0.122,0.317,125.987,46,2019,cry
4Cg2XGrrrczeZRPOnlAG67,0.627,0.801,10,-4.208,1,0.0305,0,0.157,0.811,95.031,56,2020,cry
1Efq7J3I1fJ4A6RMQQ5S95,0.603,0.304,6,-10.423,1,0.0306,5.22E-05,0.0962,0.224,155.781,47,2020,cry
7N1mCWyLnYXfi3AXagJCNo,0.557,0.295,5,-12.706,1,0.0355,0.00201,0.111,0.133,76.061,51,2012,cry
4hccrJgNG1BwPa3CWw4NNg,0.737,0.509,10,-7.677,1,0.0842,0,0.231,0.691,140.091,55,2020,cry
2vA7CHG08LDzeMDAuPnUQg,0.423,0.713,3,-5.021,1,0.0416,0,0.0884,0.471,170.087,58,2020,cry
6R9YzJHkfYoN6PianPhTdB,0.574,0.592,0,-6.926,1,0.0386,0,0.127,0.387,131.841,58,2020,cry
3If9VlKDZp8gbzuEyRY7fm,0.583,0.376,7,-8.462,1,0.0312,0,0.149,0.327,73.879,44,2020,cry
1cmU1HSgnNZ8UGyhPTvoue,0.599,0.459,7,-6.925,1,0.033,4.94E-06,0.118,0.36,129.348,49,2020,cry
7LstETxCIeAEgzW1jZQ6kq,0.637,0.411,9,-7.867,1,0.0242,0,0.13,0.309,133.985,40,2020,cry
5OB2XiDmrwQFJFyqVVWtLm,0.655,0.484,0,-6.839,1,0.0299,0,0.136,0.328,125.792,48,2020,cry
5AMYykC6sdveY7NfwHNUm4,0.533,0.725,8,-5.35,1,0.121,0,0.303,0.59,163.941,56,2020,cry
49P4H6SJkVu2pkuZnuUDk4,0.616,0.728,9,-4.121,1,0.0379,0,0.139,0.296,100.369,52,2006,cry
1omAPMClfzdHs8LnRt9rOI,0.668,0.496,1,-6.82,0,0.0462,2.70E-05,0.124,0.348,78.024,44,2021,cry
5fDc3i3gwjyNCBbln2ZoVn,0.768,0.457,8,-5.991,1,0.0307,2.46E-06,0.137,0.318,123.943,45,2019,cry
1PnEuhdX2pFIQUAESQB4wm,0.496,0.603,7,-7.362,1,0.0358,3.23E-06,0.2,0.551,152.022,49,2020,cry
0zEDOBB1fHaAR0YBBIusQQ,0.44,0.278,6,-10.348,1,0.0275,0,0.129,0.159,75.635,24,2019,cry
7K41SevJ4ihWtiOiF1eAak,0.579,0.563,9,-5.29,1,0.0259,8.99E-06,0.304,0.359,135.955,51,2016,cry
5k8RfX1gS3KSNmpCiEP5aH,0.407,0.518,2,-8.139,1,0.0316,0,0.243,0.366,163.819,41,2019,cry
0zEb36zrMAhdM851DxG1Oy,0.37,0.822,2,-5.785,1,0.0332,0.331,0.116,0.56,175.991,52,2018,cry
6yv3mmMy77HFmlgXtr3rmu,0.579,0.581,8,-6.717,1,0.0283,1.76E-06,0.136,0.2,79.981,44,2019,cry
0rbMlnx7LTLJG5I3im2Wib,0.775,0.392,6,-8.897,1,0.0575,0,0.105,0.335,124.952,0,2020,cry
7Fi43HjA5FTTCPOj2wai00,0.483,0.658,2,-6.721,1,0.0552,1.83E-05,0.12,0.235,167.886,44,2018,cry
1qkIG72UU08DBiLyCL3vLH,0.422,0.641,3,-6.53,1,0.0469,0,0.107,0.409,179.437,49,2020,cry
1fWHFkyHqBG7Y6vPs6cH4c,0.724,0.449,10,-9.719,0,0.0643,0.0258,0.145,0.357,131.034,46,2020,cry
5sXuqzLmT1z6Gnf3S2TzSz,0.436,0.296,10,-10.095,1,0.0417,0,0.132,0.257,140.056,52,2021,cry
5IhhrvfCkohibHUmecRm8B,0.413,0.687,7,-6.971,1,0.115,0,0.129,0.607,204.227,39,2020,cry
1LdYKaHBTPEUSTgpHzAra7,0.498,0.587,1,-5.278,1,0.0303,0,0.0649,0.46,145.81,0,2016,cry
1vMP3Ni4kGqTaXYRAHQ7iV,0.596,0.558,10,-6.85,1,0.0657,2.77E-06,0.186,0.304,79.851,40,2020,cry
5b7ahDq47e9StoRltT4YjT,0.613,0.518,0,-7.667,1,0.0341,0,0.239,0.321,136.155,33,2019,cry
1psb8glAxDb4DYAwnOWzm3,0.634,0.48,9,-9.913,1,0.0472,4.76E-05,0.111,0.275,128.046,50,2018,cry
3bxGTdVHjBjlSOjRDH9a4f,0.519,0.475,10,-8.031,1,0.104,0,0.0998,0.365,129.957,48,2019,cry
0GTCONVjK4xrB0ZPT1CCNz,0.653,0.587,2,-7.01,1,0.0369,0,0.354,0.366,88.055,43,2018,cry
2pYyeofuOBq5Q44QywZLi1,0.638,0.631,5,-6.056,0,0.0287,2.51E-05,0.0709,0.193,85.005,37,2019,cry
0uSPq0GNlfrIeaBDc2574f,0.652,0.489,2,-8.457,1,0.0413,0,0.127,0.476,136.035,61,2021,cry
5gJd2XWfQSLvJnyQYeKfaq,0.7,0.748,9,-2.835,1,0.0419,1.04E-05,0.119,0.168,76.49,47,2020,cry
4XGKYVsklvtRYtq4LfYUrr,0.552,0.567,9,-7.101,1,0.0272,3.50E-05,0.145,0.398,149.863,43,2019,cry
6TyMLndAz0THhwDGvcPbsv,0.607,0.755,4,-5.121,1,0.0283,2.87E-06,0.258,0.519,102.081,43,2020,cry
0ROVfEs3hrAP0VOgDAIdd5,0.505,0.596,4,-7.027,1,0.041,0,0.261,0.335,167.517,50,2020,cry
7JC59jSvjSbJ2MszeV6fBs,0.675,0.711,0,-6.284,1,0.0419,0,0.388,0.493,128.963,49,2021,cry
2ZMexmN35zlx0fjb4nBwOW,0.331,0.668,4,-5.74,1,0.0305,0,0.139,0.374,155.269,43,2013,cry
3EMXuZ7n0lgQSNSsVk5d3n,0.638,0.677,5,-5.094,1,0.0604,0,0.263,0.535,140.003,53,2020,cry
2Yj5dr0jmeffibFgesioAF,0.618,0.535,11,-7.814,1,0.0693,0,0.389,0.19,147.971,39,2020,cry
4X3iKvgA1qks0gsZ5Po2Hw,0.615,0.358,6,-8.111,1,0.0294,2.79E-05,0.103,0.308,75.011,42,2016,cry
4vI3jw8Fi8fDH0gGWzttGt,0.617,0.461,3,-8.122,1,0.0299,0,0.161,0.641,74.984,37,2019,cry
6eAn3ifcCuuVDPwVhOyvDx,0.69,0.453,4,-9.802,1,0.153,0.0732,0.382,0.454,129.091,46,2020,cry
7emvDBBg5edakNzqSvSfM5,0.738,0.433,8,-7.046,1,0.0425,4.78E-05,0.219,0.393,123.007,37,2020,cry
5UlSKEFiNHNFSye7CLpLPs,0.413,0.58,4,-7.501,1,0.0279,0.000611,0.308,0.164,175.932,50,2019,cry
5qsoeqn1bKqJzzmilZVEeG,0.517,0.605,5,-6.152,1,0.0513,0,0.18,0.359,169.996,48,2020,cry
2hT18XXbbUSPuu8jRWzIhj,0.574,0.783,10,-4.953,1,0.0296,0,0.276,0.607,89.974,50,2021,cry
2opZpuOcnBYJbfqm2IJIMU,0.605,0.531,8,-7.24,1,0.0359,8.54E-05,0.24,0.389,135.906,47,2020,cry
1LDG6oNPVWerLLWp2ia78I,0.542,0.434,8,-9.396,1,0.0403,6.06E-05,0.0885,0.473,139.87,49,2021,cry
1khnGTGPtxEM6hczBQeC99,0.58,0.293,4,-11.268,1,0.0282,0.00335,0.114,0.108,139.915,52,2020,cry
5SolgEp0EAXjruwQdszykB,0.771,0.777,1,-6.271,0,0.256,0,0.172,0.821,130.006,61,2021,cry
2k9AOePfi6wDRhzUnSVCy4,0.394,0.833,1,-5.75,1,0.0352,0,0.137,0.351,184.049,41,2019,cry
6VlXd5f2602XO4tDaNOveo,0.613,0.785,5,-6.335,1,0.0412,0,0.0963,0.795,82.854,9,2019,cry
2ooHblxbeFaencS59zAQPv,0.71,0.575,10,-10.046,0,0.0531,0.000396,0.0893,0.417,84.976,45,2019,cry
0Ganp2fdgbNuO7ZjcLu0x1,0.614,0.368,0,-9.756,1,0.0292,9.51E-05,0.339,0.428,82.014,37,2019,cry
7z9aaWyPIR329saxYp7m2q,0.617,0.404,3,-9.576,1,0.026,0,0.107,0.259,130.959,45,2021,cry
6ewReUIVsEzmPliKyPSD1c,0.545,0.385,2,-6.417,1,0.0252,0.0433,0.114,0.224,140.05,48,2015,cry
2d0fVk9SD8Ad0Njn8RSdsM,0.632,0.554,11,-9.756,0,0.0648,0,0.118,0.429,72.986,0,2017,cry
2BMguPRp3o79qdGSQM2boN,0.574,0.721,4,-4.986,1,0.0369,0,0.127,0.362,148.072,32,2020,cry
5RATHy4T1lsAhk9Zt02FgD,0.448,0.82,6,-3.563,1,0.0464,0,0.2,0.271,149.693,23,2015,cry
7w3PBr8bkIXF3GBNoERuoz,0.537,0.491,9,-9.06,1,0.0349,0.014,0.146,0.508,140.015,34,2015,cry
1jiODYTuaDs79iafD4Oiqw,0.541,0.674,11,-7.496,1,0.0291,0,0.105,0.491,136.027,36,2020,cry
4IKn1t0eZZzF5mji1vraVI,0.664,0.807,0,-5.542,1,0.0375,0.000325,0.109,0.593,88.991,51,2016,cry
29zxvncpHCVX1ISSuKqRG7,0.572,0.43,3,-11.042,1,0.0253,0.00657,0.108,0.222,76.011,43,2019,cry
2E8ziq8eQqwq1GhSjiS79y,0.379,0.657,8,-5.642,1,0.0373,6.71E-05,0.176,0.42,179.673,46,2020,cry
3XfygeAG5SFzEVaQJEKY49,0.595,0.476,7,-7.863,1,0.0246,0.0157,0.305,0.357,97.621,29,2016,cry
2x5Z4yP4WtUHQg2cMvY9NZ,0.652,0.463,2,-9.17,0,0.0705,0,0.115,0.462,75.031,42,2020,cry
20Ohzu0GyKAUJFPcnC57RR,0.386,0.825,8,-5.79,1,0.0698,0,0.169,0.202,173.947,41,2021,cry
5AwQir16Hh3nHBLyGuhTjU,0.601,0.599,7,-5.549,1,0.0373,0,0.153,0.577,67.998,49,2018,cry
1DRrOTyNHfkOnrZZBo3I1k,0.462,0.564,5,-5.748,1,0.0428,1.02E-05,0.126,0.476,128.479,43,2008,cry
7EiesOznEUAta5QIb89I7e,0.695,0.482,5,-8.232,0,0.101,0.00247,0.1,0.373,150.059,43,2018,cry
2GQS4AkV1hCVSt0gPum44w,0.565,0.716,10,-6.704,1,0.0442,0,0.0964,0.604,169.974,42,2017,cry
4WxNfBGTaGoN5hOqXI9TFJ,0.361,0.474,0,-8.155,1,0.0356,0.000404,0.0663,0.249,170.018,46,2014,cry
72KOmS4Af9IEFsT87TK1VQ,0.698,0.526,6,-6.289,0,0.103,9.50E-05,0.105,0.608,80.031,46,2017,cry
3armUxyNuJmexkQRA3hZSC,0.643,0.611,0,-7.634,1,0.0407,0,0.117,0.51,140.1,48,2021,cry
7kPt9mmvufI8A99lvwlzAB,0.499,0.596,8,-6.778,1,0.0334,0,0.145,0.2,130.043,36,2018,cry
3kzn4YQCWRQwqtFeVCjihu,0.572,0.567,6,-5.523,1,0.0378,0,0.104,0.352,135.913,33,2019,cry
5eVmR3LXaUuJ4dgXfwcvsx,0.4,0.512,7,-8.482,1,0.0342,0.0025,0.0965,0.316,176.049,46,2014,cry
75WghHVzVG0XOBzyExf3jN,0.521,0.868,10,-3.743,1,0.0526,7.73E-06,0.0825,0.356,169.931,46,2021,cry
1dexPsihTJqDO3QCzlZXdq,0.63,0.479,11,-7.371,1,0.0298,0,0.0879,0.46,140.12,44,2020,cry
5R69I662EzxAfbvmGiMkxY,0.611,0.636,7,-5.141,1,0.0285,1.12E-06,0.285,0.47,76.045,30,2010,cry
4y9KUKvFkaLfDf5PPZ4Svg,0.342,0.627,1,-4.835,0,0.0956,0,0.075,0.148,177.632,37,2021,cry
20r8bPumn1cybDcUEh2NPZ,0.422,0.712,9,-6.222,1,0.0336,0.00068,0.268,0.385,170.163,62,2021,cry
1Hm3qwiY7YY0QCRZMv8fF4,0.571,0.518,6,-9.131,1,0.0338,0.000975,0.093,0.222,143.852,41,2020,cry
4XwJ7O8RGVrKAdmEhYs8kZ,0.562,0.497,8,-7.974,1,0.0322,0,0.11,0.221,82.1,8,2008,cry
4cTUjZ61DVM4159Fet6Mee,0.637,0.659,2,-5.878,1,0.0419,3.81E-06,0.392,0.37,133.965,37,2021,cry
0nedd58OQDiAUQHEJBrvcx,0.446,0.416,10,-8.256,1,0.0297,0,0.101,0.0661,91.621,38,2018,cry
3JvbGjNcSnAhNemVyvXqci,0.583,0.445,0,-7.141,1,0.0282,0,0.109,0.315,74.94,48,2019,cry
0JdDnGGlycKJr0iceYnvcK,0.454,0.731,2,-5.374,1,0.0253,6.96E-06,0.143,0.398,159.968,45,2020,cry
127FdW4XnmqKxRKrxRj2S5,0.598,0.666,5,-5.13,1,0.0339,2.12E-05,0.518,0.321,157.955,9,2020,cry
3Eu82PdSTJ8whj8KFJj4au,0.522,0.576,7,-5.317,1,0.0257,2.03E-06,0.116,0.272,74.268,44,2017,cry
4WUMYRlZFGppQbBQTgRb5O,0.465,0.558,9,-6.953,1,0.0314,1.69E-05,0.109,0.628,136.233,36,2020,cry
1R0iLr5ct7KgPjgx2vFCDa,0.43,0.632,5,-5.406,1,0.0327,0.000184,0.429,0.355,187.727,36,2020,cry
